name,birthdate,age,ch_elevated_date,ch_title,ProfileLink,gc_raw_description
"(Isaac)Thottunkal, Baselios",1959-06-15,65,,"Major Archbishop ofTrivandrum (Syro-Malankara),India",https://www.catholic-hierarchy.org/bishop/bthoi.html,
"Advincula, Jose",1952-03-30,73,,,,"Advincula, Jose Fuerte(73),Cardinal-PriestofS. VigilioandMetropolitan ArchbishopofManila(Philippines)"
"Aguiar Retes, Carlos",1950-01-09,75,,,,"Aguiar Retes, Carlos(75),Cardinal-PriestofSs. Fabiano e Venanzio a Villa FiorelliandMetropolitan ArchbishopofMéxico(Mexico)"
"Aguiar, Américo",1973-12-12,51,,"Bishop ofSetúbal,Portugal",https://www.catholic-hierarchy.org/bishop/balvagu.html,
"Alves Aguiar, Américo",1973-12-12,51,,,,"Alves Aguiar, Américo Manuel(51),Cardinal-PriestofS. Antonio da Padova in Via MerulanaandBishopofSetúbal(Portugal)"
"Ambongo Besungu, Fridolin",1960-01-24,65,,,,"Ambongo Besungu, Fridolin,O.F.M. Cap.(65),Cardinal-PriestofS. Gabriele Arcangelo all’Acqua Traversa,Metropolitan ArchbishopofKinshasa(Congo-Kinshasa),PresidentofSymposium of Episcopal Conferences of Africa and MadagascarandMemberofCouncil of Cardinals"
"Aparicio, Luis",1962-03-03,63,,"Archbishop ofBogotá,Colombia",https://www.catholic-hierarchy.org/bishop/bruap.html,
"AppiahTurkson, Peter",1948-10-11,76,,Chancellor of theRoman Curia - Other,https://www.catholic-hierarchy.org/bishop/bturkson.html,
"Arborelius, Anders",1949-09-24,75,,,,"Arborelius, Anders,O.C.D.(75),Cardinal-PriestofS. Maria degli Angeli,BishopofStockholm(Sweden)andMemberofCouncil for the Economy"
"Artime, ÁngelFernández",1960-08-21,64,,Pro-Prefect Emeritus of the Dicastery forInstitutes of Consecrated Life and Societies of Apostolic Life,https://www.catholic-hierarchy.org/bishop/bferart.html,
"AtcherleyDew, John",1948-05-05,76,,"Archbishop Emeritus ofWellington,New Zealand",https://www.catholic-hierarchy.org/bishop/bdew.html,
"AurelioPoli, Mario",1947-11-29,77,,"Archbishop Emeritus ofBuenos Aires,Argentina",https://www.catholic-hierarchy.org/bishop/bpoli.html,
"Aveline, Jean",1958-12-26,66,,,,"Aveline, Jean-Marc Noël(66),Cardinal-PriestofS. Maria ai Monti,Metropolitan ArchbishopofMarseille(France)andPresidentofBishops’ Conference of France"
"Aviz, JoãoBráz",1947-04-24,78,,Prefect Emeritus of the Dicastery forInstitutes of Consecrated Life and Societies of Apostolic Life,https://www.catholic-hierarchy.org/bishop/bbraza.html,
"Baggio, Fabio",1965-01-15,60,,,,"Baggio, Fabio,C.S.(60),Cardinal-DeaconofS. Filippo Neri in Eurosia,UndersecretaryofDicastery for Promoting Integral Human DevelopmentandSecretaryofVatican COVID-19 Commission"
"Barbarin, Philippe",1950-10-17,74,,,,"Barbarin, Philippe Christian Ignace Marie(74),Cardinal-PriestofSS. Trinità al Monte PincioandMetropolitan Archbishopemeritus ofLyon(France)"
"Battaglia, Domenico",1963-01-20,62,,,,"Battaglia, Domenico(62),Cardinal-PriestofS. Marco in Agro LaurentinoandMetropolitan ArchbishopofNapoli(Italy)"
"Becciu, Giovanni",1948-06-02,76,,,,"Becciu, Giovanni Angelo(76),Cardinal-DeaconofS. Lino,Prefectemeritus ofCongregation for the Causes of SaintsandformerSpecial DelegatetoSovereign Military Hospitaller Order of Saint John of Jerusalem of Rhodes and of Malta (Knights of Malta)"
"Berhouet, Daniel",1959-07-04,65,,"Archbishop ofMontevideo,Uruguay",https://www.catholic-hierarchy.org/bishop/bstbe.html,
"Bessi Dogbo, Ignace",1961-08-17,63,,,,"Bessi Dogbo, Ignace(63),Cardinal-PriestofSs. Mario e Compagni MartiriandMetropolitan ArchbishopofAbidjan(Cote d’Ivoire)"
"Besungu, FridolinAmbongo",1960-01-24,65,,"Archbishop ofKinshasa,Congo (Dem. Rep.)",https://www.catholic-hierarchy.org/bishop/bbesu.html,
"Betori, Giuseppe",1947-02-25,78,,,,"Betori, Giuseppe(78),Cardinal-PriestofS. MarcelloandMetropolitan Archbishopemeritus ofFirenze(Italy)"
"Bo, Charles",1948-10-29,76,,,,"Bo, Charles Maung,S.D.B.(76),Cardinal-PriestofS. Ireneo a Centocelle,Metropolitan ArchbishopofYangon(Myanmar)andPresidentofMyanmar Catholic Bishops’ Conference"
"Bokalic Iglic, Vicente",1952-06-11,72,,,,"Bokalic Iglic, Vicente,C.M.(72),Cardinal-PriestofS. Maria Maddalena in Campo MarzioandArchbishopofSantiago del Estero(Argentina)"
"Bozanić, Josip",1949-03-20,76,,,,"Bozanić, Josip(76),Cardinal-PriestofS. Girolamo dei Croati,Metropolitan Archbishopemeritus ofZagreb(Croatia)andformerVice-PresidentofCroatian Bishops’ Conference"
"Brenes Solórzano, Leopoldo",1949-03-07,76,,,,"Brenes Solórzano, Leopoldo José(76),Cardinal-PriestofS. Gioacchino ai Prati di Castello,Metropolitan ArchbishopofManagua(Nicaragua)andVice-PresidentofEpiscopal Conference of Nicaragua"
"Brislin, Stephen",1956-09-24,68,,,,"Brislin, Stephen(68),Cardinal-PriestofS. Maria Domenica Mazzarello,Metropolitan ArchbishopofJohannesburg(South Africa),PresidentofSouthern African Catholic Bishops’ ConferenceandApostolic AdministratorofCape Town(South Africa)"
"Bráz de Aviz, João",1947-04-24,78,,,,"Bráz de Aviz, João(78),Cardinal-PriestofS. Elena fuori Porta Prenestinapro hac viceTitle,Metropolitan Archbishopemeritus ofBrasília(Brazil)andPrefectemeritus ofDicastery for Institutes of Consecrated Life and for Societies of Apostolic Life"
"Burke, Raymond",1948-06-30,76,,,,"Burke, Raymond Leo(76),Cardinal-PriestofS. Agata de’ Gotipro hac viceTitle,Metropolitan Archbishopemeritus ofSaint Louis(USA)andPatronemeritus ofSovereign Military Hospitaller Order of Saint John of Jerusalem of Rhodes and of Malta (Knights of Malta)"
"Bustillo, François",1968-11-23,56,,,,"Bustillo, François-Xavier,O.F.M. Conv.(56),Cardinal-PriestofS. Maria Immacolata di Lourdes a BocceaandBishopofAjaccio(France)"
"Bychok, Mykola",1980-02-13,45,,,,"Bychok, Mykola,C.SS.R.(45)(Ukrainian Rite),Cardinal-PriestofS. Sofia a Via BocceaandBishopofSaints Peter and Paul of Melbourneof theUkrainians(Australia)"
"Cabrera Herrera, Luis",1955-10-11,69,,,,"Cabrera Herrera, Luis Gerardo,O.F.M.(69),Cardinal-PriestofSanta Famiglia di Nazareth a Centocelle,Metropolitan ArchbishopofGuayaquil(Ecuador)andPresidentofEpiscopal Conference of Ecuador"
"Cano, JoséCobo",1965-09-20,59,,"Archbishop ofMadrid,Spain",https://www.catholic-hierarchy.org/bishop/bcobcan.html,
"Cantoni, Oscar",1950-09-01,74,,,,"Cantoni, Oscar(74),Cardinal-PriestofS. Maria «Regina Pacis» a Monte VerdeandBishopofComo(Italy)"
"Castillo Mattasoglio, Carlos",1950-02-28,75,,,,"Castillo Mattasoglio, Carlos Gustavo(75),Cardinal-PriestofS. Maria delle Grazie a Casal BocconeandMetropolitan ArchbishopofLima(Peru)"
"Cañizares Llovera, Antonio",1945-10-15,79,,,,"Cañizares Llovera, Antonio(79),Cardinal-PriestofS. PancrazioandMetropolitan Archbishopemeritus ofValencia(Spain)"
"CezarCosta, Paulo",1967-07-20,57,,"Archbishop ofBrasília, Distrito Federal,Brazil",https://www.catholic-hierarchy.org/bishop/bcescos.html,
"Chomali Garib, Fernando",1957-05-10,67,,,,"Chomali Garib, Fernando Natalio(67),Cardinal-PriestofS. Mauro AbateandMetropolitan ArchbishopofSantiago(Chile)"
"Chow Sau-yan, Stephen",1959-08-07,65,,,,"Chow Sau-yan, Stephen,S.J.(周守仁)(65),Cardinal-PriestofS. Giovanni Battista de La SalleandBishopofHong Kong 香港(Hong Kong)"
"ChristopherCollins, Thomas",1947-01-16,78,,"Archbishop Emeritus ofToronto, Ontario,Canada",https://www.catholic-hierarchy.org/bishop/bcollins.html,
"Chye, WilliamGoh",1957-06-25,67,,Archbishop ofSingapore,https://www.catholic-hierarchy.org/bishop/bgoh.html,
"Clemente, Manuel",1948-07-16,76,,"Patriarch Emeritus ofLisboa {Lisbon},Portugal",https://www.catholic-hierarchy.org/bishop/bmacnc.html,
"Cobo Cano, José",1965-09-20,59,,,,"Cobo Cano, José(59),Cardinal-PriestofS. Maria in Monserrato degli Spagnoli,Metropolitan ArchbishopofMadrid(Spain),OrdinaryofSpainof theEastern Rite(Spain)andVice-PresidentofEpiscopal Conference of Spain"
"Collins, Thomas",1947-01-16,78,,,,"Collins, Thomas Christopher(78),Cardinal-PriestofS. PatrizioandMetropolitan Archbishopemeritus ofToronto(Canada)"
"Costa, Paulo",1967-07-20,57,,,,"Costa, Paulo Cezar(57),Cardinal-PriestofSs. Bonifacio ed AlessioandMetropolitan ArchbishopofBrasília(Brazil)"
"Coutts, Joseph",1945-07-21,79,,,,"Coutts, Joseph(79),Cardinal-PriestofS. Bonaventura da BagnoregioandMetropolitan Archbishopemeritus ofKarachi(Pakistan)"
"Cupich, Blase",1949-03-19,76,,,,"Cupich, Blase Joseph(76),Cardinal-PriestofS. Bartolomeo all’IsolaandMetropolitan ArchbishopofChicago(USA)"
"CyprienLacroix, Gérald",1957-07-27,67,,"Archbishop ofQuébec,Canada",https://www.catholic-hierarchy.org/bishop/blacrgc.html,
"Czerny, Michael",1946-07-18,78,,,,"Czerny, Michael,S.J.(78),Cardinal-DeaconofS. Michele Arcangelo,PrefectofDicastery for Promoting Integral Human Development,PresidentofVatican COVID-19 CommissionandMemberofCouncil of the Section for Relations with States and International Organisations"
"DanielGregory, Wilton",1947-12-07,77,,"Archbishop Emeritus ofWashington, District of Columbia,USA",https://www.catholic-hierarchy.org/bishop/bgregory.html,
"David, Pablo",1959-03-02,66,,,,"David, Pablo Virgilio Siongco(66),Cardinal-PriestofTrasfigurazione di Nostro Signore Gesù Cristo,BishopofKalookan(Philippines),PresidentofCatholic Bishops’ Conference of the Philippines (C.B.C.P.)andVice-PresidentofFederation of Asian Bishops’ Conferences"
"De Donatis, Angelo",1954-01-04,71,,,,"De Donatis, Angelo(71),Cardinal-PriestofS. MarcoandMajor PenitentiaryofApostolic Penitentiary"
"De Kesel, Jozef",1947-06-17,77,,,,"De Kesel, Jozef(77),Cardinal-PriestofSs. Giovanni e PaoloandMilitary Ordinaryemeritus ofBelgium(Belgium)"
"DemerewSouraphiel, Berhaneyesus",1948-07-14,76,,"Archbishop ofAddis Abeba (Ethiopian),Ethiopia",https://www.catholic-hierarchy.org/bishop/bsou.html,
"Dew, John",1948-05-05,76,,,,"Dew, John Atcherley(76),Cardinal-PriestofS. IppolitoandMilitary Ordinaryemeritus ofNew Zealand(New Zealand)"
"DiNardo, Daniel",1949-05-23,75,,,,"DiNardo, Daniel Nicholas(75),Cardinal-PriestofS. EusebioandMetropolitan Archbishopemeritus ofGalveston–Houston(USA)"
"Dogbo, IgnaceBessi",1961-08-17,63,,"Archbishop ofAbidjan,Côte d’Ivoire",https://www.catholic-hierarchy.org/bishop/bbessi.html,
"Dolan, Timothy",1950-02-06,75,,,,"Dolan, Timothy Michael(75),Cardinal-PriestofNostra Signora di Guadalupe a Monte MarioandMetropolitan ArchbishopofNew York(USA)"
"Don, Albert",1947-11-15,77,,"Archbishop ofColombo,Sri Lanka",https://www.catholic-hierarchy.org/bishop/branjith.html,
"Donatis, AngeloDe",1954-01-04,71,,Major Penitentiary of theApostolic Penitentiary,https://www.catholic-hierarchy.org/bishop/bddonatis.html,
"EbereOkpaleke, Peter",1963-03-01,62,,"Bishop ofEkwulobia,Nigeria",https://www.catholic-hierarchy.org/bishop/bokpal.html,
"Eijk, Willem",1953-06-22,71,,,,"Eijk, Willem Jacobus(71),Cardinal-PriestofS. CallistoandMetropolitan ArchbishopofUtrecht(Netherlands)"
"Erdő, Péter",1952-06-25,72,,,,"Erdő, Péter(72),Cardinal-PriestofS. Maria Nuova,Metropolitan ArchbishopofEsztergom–Budapest(Hungary)andMemberofCouncil for the Economy"
"F.Czerny, Michael",1946-07-18,78,,Prefect Emeritus of the Dicastery forPromoting Integral Human Development,https://www.catholic-hierarchy.org/bishop/bczerny.html,
"Farrell, Kevin",1947-09-02,77,,,,"Farrell, Kevin Joseph(77),Cardinal-DeaconofS. Giuliano Martire,PrefectofDicastery for the Laity, Family and Life,PresidentofCommittee for Investments,PresidentofCommission for Confidential Matters,Camerlengo of the Holy Roman ChurchofApostolic Camera,PresidentofSupreme Court of Vatican City StateandBishopemeritus ofDallas(USA)"
"Fernández Artime, Ángel",1960-08-21,64,,,,"Fernández Artime, Ángel,S.D.B.(64),Cardinal-DeaconofS. Maria Ausiliatrice in Via TuscolanaandPro-PrefectofDicastery for Institutes of Consecrated Life and for Societies of Apostolic Life"
"Fernández, Victor",1962-07-18,62,,,,"Fernández, Victor Manuel(62),Cardinal-DeaconofSs. Urbano e Lorenzo a Prima Porta,PrefectofDicastery for the Doctrine of the Faith,PresidentofPontifical Biblical Commission,PresidentofInternational Theological CommissionandMetropolitan Archbishopemeritus ofLa Plata(Argentina)"
"Ferrão, Filipe",1953-01-20,72,,,,"Ferrão, Filipe Neri António Sebastião do Rosário(72),Cardinal-PriestofS. Maria in Via,PatriarchofEast Indies,Metropolitan ArchbishopofGoa and Daman(India),PresidentofConference of Catholic Bishops of IndiaandPresidentofFederation of Asian Bishops’ Conferences"
"Filoni, Fernando",1946-04-15,79,,,,"Filoni, Fernando (斐洛尼)(79),Cardinal-BishopofNostra Signora di Coromoto in S. Giovanni di DioandGrand MasterofEquestrian Order of the Holy Sepulchre of Jerusalem (Knights of the Holy Sepulchre)"
"Flores, AdalbertoMartínez",1951-07-08,73,,"Archbishop ofAsunción,Paraguay",https://www.catholic-hierarchy.org/bishop/bmarflo.html,
"Francis, Sebastian",1951-11-11,73,,,,"Francis, Sebastian (施恩天)(73),Cardinal-PriestofS. Maria Causa Nostræ LætitiæandBishopofPenang(Malaysia)"
"FrancisPrevost, Robert",1955-09-14,69,,Prefect Emeritus of the Dicastery forBishops,https://www.catholic-hierarchy.org/bishop/bprevost.html,
"FuerteAdvincula, Jose",1952-03-30,73,,"Archbishop ofManila,Philippines",https://www.catholic-hierarchy.org/bishop/badvi.html,
"Furtado, ArlindoGomes",1949-11-15,75,,Bishop ofSantiago de Cabo Verde,https://www.catholic-hierarchy.org/bishop/bgofu.html,
"Gambetti, Mauro",1965-10-27,59,,,,"Gambetti, Mauro,O.F.M. Conv.(59),Cardinal-DeaconofSS. Nome di Maria al Foro Traiano,PresidentofFabric of Saint Peter,ArchpriestofPapal Basilica of Saint PeterandVicar General for the Vatican City StateofRoma(Italy)"
"García Rodríguez, Juan",1948-07-11,76,,,,"García Rodríguez, Juan de la Caridad(76),Cardinal-PriestofSs. Aquila e PriscillaandMetropolitan ArchbishopofLa Habana(Cuba)"
"Garib, Fernando",1957-03-10,68,,Archbishop ofSantiago de Chile,https://www.catholic-hierarchy.org/bishop/bchga.html,
"GeorgesPierre, Christophe",1946-01-30,79,,Apostolic Nuncio toUnited States of America,https://www.catholic-hierarchy.org/bishop/bpierre.html,
"GerardNichols, Vincent",1945-11-08,79,,"Archbishop ofWestminster, England,Great Britain",https://www.catholic-hierarchy.org/bishop/bnichols.html,
"Goh Seng Chye, William",1957-06-25,67,,,,"Goh Seng Chye, William (吳成才)(67),Cardinal-PriestofS. Maria «Regina Pacis» in Ostia mare,ArchbishopofSingapore(Singapore)andVice-PresidentofCatholic Bishops’ Conference of Malaysia, Singapore and Brunei"
"GokimTagle, Luis",1957-06-21,67,,Pro-Prefect Emeritus of the Dicastery forEvangelization,https://www.catholic-hierarchy.org/bishop/btaglelag.html,
"Gomes Furtado, Arlindo",1949-11-15,75,,,,"Gomes Furtado, Arlindo(75),Cardinal-PriestofS. TimoteoandBishopofSantiago de Cabo Verde(Cabo Verde)"
"Grech, Mario",1957-02-20,68,,,,"Grech, Mario(68),Cardinal-DeaconofSs. Cosma e Damiano,Secretary GeneralofGeneral Secretariat of the SynodandBishopemeritus ofGozo(Malta)"
"Gregory, Wilton",1947-12-07,77,,,,"Gregory, Wilton Daniel(77),Cardinal-PriestofImmacolata Concezione di Maria a GrottarossaandMetropolitan Archbishopemeritus ofWashington(USA)"
"Gugerotti, Claudio",1955-10-07,69,,,,"Gugerotti, Claudio(69),Cardinal-DeaconofS. Ambrogio della Massima,PrefectofDicastery for the Eastern Churches,MemberofCouncil of the Section for Relations with States and International OrganisationsandGrand ChancellorofPontifical Oriental Institute"
"Hardjoatmodjo, IgnatiusSuharyo",1950-07-09,74,,"Archbishop ofJakarta,Indonesia",https://www.catholic-hierarchy.org/bishop/bsuharyo.html,
"Harvey, James",1949-10-20,75,,,,"Harvey, James Michael(75),Cardinal-PriestofS. Pio V a Villa Carpegnapro hac viceTitleandArchpriestofPapal Basilica of Saint Paul Outside-the-Walls"
"Herrera, Luis",1955-10-11,69,,"Archbishop ofGuayaquil,Ecuador",https://www.catholic-hierarchy.org/bishop/bcahe.html,
"Heung-sik, LazzaroYou",1951-11-17,73,,Prefect Emeritus of the Dicastery for theClergy,https://www.catholic-hierarchy.org/bishop/byouh.html,
"Hollerich, Jean",1958-08-09,66,,,,"Hollerich, Jean-Claude,S.J.(66),Cardinal-PriestofS. Giovanni Crisostomo a Monte Sacro Alto,ArchbishopofLuxembourg(Luxembourg),MemberofCouncil of CardinalsandVice-PresidentofCouncil of European Bishops’ Conferences"
"ISako, Louis",1949-07-04,75,,"Patriarch ofBaghdad (Chaldean),Iraq",https://www.catholic-hierarchy.org/bishop/bsako.html,
"Iglic, VicenteBokalic",1952-06-11,72,,"Archbishop ofSantiago del Estero,Argentina",https://www.catholic-hierarchy.org/bishop/bbokalic.html,
"Imeri, Alvaro",1947-07-16,77,,"Bishop ofHuehuetenango,Guatemala",https://www.catholic-hierarchy.org/bishop/bramaa.html,
"IsaoKikuchi, Tarcisio",1958-11-01,66,,"Archbishop ofTōkyō,Japan",https://www.catholic-hierarchy.org/bishop/bkiku.html,
"JacobKoovakad, George",1973-08-11,51,,Prefect Emeritus of the Dicastery forInterreligious Dialogue,https://www.catholic-hierarchy.org/bishop/bkoov.html,
"JacobusEijk, Willem",1953-06-22,71,,"Archbishop ofUtrecht,Netherlands",https://www.catholic-hierarchy.org/bishop/beijk.html,
"JosephCupich, Blase",1949-03-19,76,,"Archbishop ofChicago, Illinois,USA",https://www.catholic-hierarchy.org/bishop/bcupich.html,
"JosephFarrell, Kevin",1947-09-02,77,,Chamberlain (Camerlengo) of theApostolic Chamber,https://www.catholic-hierarchy.org/bishop/bfarrellk.html,
"JosephMamberti, Dominique",1952-03-07,73,,Prefect Emeritus of theApostolic Signatura,https://www.catholic-hierarchy.org/bishop/bmamberti.html,
"JosephMathieu, Dominique",1963-06-13,61,,"Archbishop ofTeheran-Ispahan,Iran",https://www.catholic-hierarchy.org/bishop/bmathieud.html,
"JosephRadcliffe, Timothy",1945-08-22,79,,Cardinal-Deacon ofSantissimi Nomi di Gesù e Maria in Via Lata,https://www.catholic-hierarchy.org/bishop/bradcli.html,
"JoãoTempesta, Orani",1950-06-23,74,,"Archbishop ofSão Sebastião do Rio de Janeiro,Brazil",https://www.catholic-hierarchy.org/bishop/btempesta.html,
"Kambanda, Antoine",1958-11-10,66,,,,"Kambanda, Antoine(66),Cardinal-PriestofS. Sisto,Metropolitan ArchbishopofKigali(Rwanda)andPresidentofEpiscopal Conference of Rwanda"
"Kesel, JozefDe",1947-06-17,77,,"Archbishop Emeritus ofMechelen-Brussel {Malines-Brussels},Belgium",https://www.catholic-hierarchy.org/bishop/bdekesel.html,
"Kikuchi, Tarcisius",1958-11-01,66,,,,"Kikuchi, Tarcisius Isao,S.V.D.(タルチシオ 菊地 功)(66),Cardinal-PriestofS. Giovanni Leonardi,Metropolitan ArchbishopofTokyo 東京(Japan),PresidentofCaritas Internationalis,PresidentofCatholic Bishops’ Conference of JapanandGeneral SecretaryofFederation of Asian Bishops’ Conferences"
"Koch, Kurt",1950-03-15,75,,,,"Koch, Kurt(75),Cardinal-PriestofNostra Signora del Sacro Cuorepro hac viceTitle,PrefectofDicastery for Promoting Christian Unity,PresidentofCommission for Religious Relations with the JewsandBishopemeritus ofBasel(Switzerland)"
"Koovakad, George",1973-08-11,51,,,,"Koovakad, George Jacob(51)(Syro-Malabar Rite),Cardinal-DeaconofS. Antonio di Padova a Circonvallazione AppiaandPrefectofDicastery for Interreligious Dialogue"
"Kovithavanij, Francis",1949-06-27,75,,,,"Kovithavanij, Francis Xavier Kriengsak(75),Cardinal-PriestofS. Maria AddolorataandMetropolitan Archbishopemeritus ofBangkok(Thailand)"
"Krajewski, Konrad",1963-11-25,61,,,,"Krajewski, Konrad(61),Cardinal-DeaconofS. Maria Immacolata all’Esquilino,Almoner of His HolinessofDicastery for the Service of CharityandMemberofCommission of Cardinals overseeing the Institute for Works of Religion"
"KriengsakKovithavanij, Francis",1949-06-27,75,,"Archbishop Emeritus ofBangkok,Thailand",https://www.catholic-hierarchy.org/bishop/bkrko.html,
"Kutwa, Jean",1945-12-22,79,,,,"Kutwa, Jean-Pierre(79),Cardinal-PriestofS. Emerenziana a Tor Fiorenza,Apostolic Administratorsede plenaofMan(Cote d’Ivoire)andMetropolitan Archbishopemeritus ofAbidjan(Cote d’Ivoire)"
"Lacroix, Gérald",1957-07-27,67,,,,"Lacroix, Gérald Cyprien,I.S.P.X.(67),Cardinal-PriestofS. Giuseppe all’Aurelio,Metropolitan ArchbishopofQuébec(Canada),MemberofCouncil for the EconomyandMemberofCouncil of Cardinals"
"Langlois, Chibly",1958-11-29,66,,,,"Langlois, Chibly(66),Cardinal-PriestofS. Giacomo in AugustaandBishopofLes Cayes(Haiti)"
"Leo, Frank",1971-06-30,53,,,,"Leo, Frank(53),Cardinal-PriestofS. Maria della Salute a PrimavalleandMetropolitan ArchbishopofToronto(Canada)"
"LeoBurke, Raymond",1948-06-30,76,,Prefect Emeritus of theApostolic Signatura,https://www.catholic-hierarchy.org/bishop/bburke.html,
"Llovera, AntonioCañizares",1945-10-15,79,,"Archbishop Emeritus ofValencia,Spain",https://www.catholic-hierarchy.org/bishop/bcaniz.html,
"Lojudice, Augusto",1964-07-01,60,,,,"Lojudice, Augusto Paolo(60),Cardinal-PriestofS. Maria del Buon Consiglio,Metropolitan ArchbishopofSiena–Colle di Val d’Elsa–Montalcino(Italy)andBishopofMontepulciano–Chiusi–Pienza(Italy)"
"LudwigMüller, Gerhard",1947-12-31,77,,Prefect Emeritus of the Congregation for theDoctrine of the Faith,https://www.catholic-hierarchy.org/bishop/bmullergl.html,
"López Romero, Cristóbal",1952-05-19,72,,,,"López Romero, Cristóbal,S.D.B.(72),Cardinal-PriestofS. Leone IandArchbishopofRabat(Morocco)"
"Macário do Nascimento Clemente, Manuel",1948-07-16,76,,,,"Macário do Nascimento Clemente, Manuel José(76),Cardinal-PriestofS. Antonio in Campo MarzioandPatriarchemeritus ofLisboa(Portugal)"
"Maeda, Thomas",1949-03-03,76,,,,"Maeda, Thomas Aquino Manyo (トマス・アクィナス 前田万葉)(76),Cardinal-PriestofS. PudenzianaandMetropolitan ArchbishopofOsaka–Takamatsu 大阪高松(Japan)"
"Mafi, Soane",1961-12-19,63,,,,"Mafi, Soane Patita Paini(63),Cardinal-PriestofS. Paola RomanaandBishopofTonga(Tonga)"
"Makrickas, Rolandas",1972-01-31,53,,,,"Makrickas, Rolandas(53),Cardinal-DeaconofS. EustachioandCoadjutor ArchpriestofPapal Basilica of Saint Mary Major"
"Mamberti, Dominique",1952-03-07,73,,,,"Mamberti, Dominique François Joseph(73),Cardinal-DeaconofS. Spirito in Sassia,PrefectofSupreme Tribunal of the Apostolic Signatura,PresidentofCommission for AdvocatesandProtodeaconofCollege of Cardinals"
"ManuelFernández, Victor",1962-07-18,62,,Prefect Emeritus of the Dicastery for theDoctrine of the Faith,https://www.catholic-hierarchy.org/bishop/bfernvm.html,
"ManyoMaeda, Thomas",1949-03-03,76,,"Archbishop ofOsaka-Takamatsu,Japan",https://www.catholic-hierarchy.org/bishop/bmaeda.html,
"Marengo, Giorgio",1974-06-07,50,,,,"Marengo, Giorgio,I.M.C.(50),Cardinal-PriestofS. Giuda Taddeo ApostoloandPrefect ApostolicofUlaanbaatar(Mongolia)"
"MariaGambetti, Mauro",1965-10-27,59,,President of theFabric of St. Peter,https://www.catholic-hierarchy.org/bishop/bgambetti.html,
"MariaWoelki, Rainer",1956-08-18,68,,"Archbishop ofKöln {Cologne},Germany",https://www.catholic-hierarchy.org/bishop/bwoel.html,
"MariaZuppi, Matteo",1955-10-11,69,,"Archbishop ofBologna,Italy",https://www.catholic-hierarchy.org/bishop/bzuppi.html,
"MarieBarbarin, Philippe",1950-10-17,74,,"Archbishop Emeritus ofLyon,France",https://www.catholic-hierarchy.org/bishop/bbarbarin.html,
"MartinMulla, Stephen",1964-01-10,61,,"Archbishop ofJuba,South Sudan",https://www.catholic-hierarchy.org/bishop/bamm.html,
"Marto, António",1947-05-05,77,,"Bishop Emeritus ofLeiria-Fátima,Portugal",https://www.catholic-hierarchy.org/bishop/bdsm.html,
"Martínez Flores, Adalberto",1951-07-08,73,,,,"Martínez Flores, Adalberto(73),Cardinal-PriestofS. Giovanni a Porta Latina,Metropolitan ArchbishopofAsunción(Paraguay)andApostolic Administrator of the Military OrdinariateofParaguay(Paraguay)"
"Marx, Reinhard",1953-09-21,71,,,,"Marx, Reinhard(71),Cardinal-PriestofS. Corbiniano,Metropolitan ArchbishopofMünchen und Freising(Germany)andCoordinatorofCouncil for the Economy"
"Mathieu, Dominique",1963-06-13,61,,,,"Mathieu, Dominique Joseph,O.F.M. Conv.(61),Cardinal-PriestofS. Giovanna Antida Thouret,ArchbishopofTehran–Isfahan(Iran)andPresidentofIranian Episcopal Conference"
"Mattasoglio, Carlos",1950-02-28,75,,"Archbishop ofLima,Peru",https://www.catholic-hierarchy.org/bishop/bcasmat.html,
"MaungBo, Charles",1948-10-29,76,,"Archbishop ofYangon,Myanmar",https://www.catholic-hierarchy.org/bishop/bbocm.html,
"McElroy, Robert",1954-02-05,71,,,,"McElroy, Robert Walter(71),Cardinal-PriestofS. Frumenzio ai Prati FiscaliandMetropolitan ArchbishopofWashington(USA)"
"Mendonça, José",1965-12-15,59,,Prefect Emeritus of the Dicastery forCulture and Education,https://www.catholic-hierarchy.org/bishop/bmendjtc.html,
"MichaelDolan, Timothy",1950-02-06,75,,"Archbishop ofNew York, New York,USA",https://www.catholic-hierarchy.org/bishop/bdolan.html,
"MichaelHarvey, James",1949-10-20,75,,Archpriest of theBasilica di San Paolo fuori le Mura {Saint Paul Outside-the-Walls Basilica},https://www.catholic-hierarchy.org/bishop/bharveyjm.html,
"Montenegro, Francesco",1946-05-22,78,,,,"Montenegro, Francesco(78),Cardinal-PriestofSs. Andrea e Gregorio al Monte Celio,Apostolic AdministratorofPiana degli Albanesiof theItalo-Albanese(Italy)andMetropolitan Archbishopemeritus ofAgrigento(Italy)"
"Mulla, Stephen",1964-01-10,61,,,,"Mulla, Stephen Ameyu Martin(61),Cardinal-PriestofS. Gemma Galgani,Metropolitan ArchbishopofJuba(South Sudan)andPresidentofConference of Bishops of Sudan and South Sudan"
"Müller, Gerhard",1947-12-31,77,,,,"Müller, Gerhard Ludwig(77),Cardinal-PriestofS. Agnese in Agonepro hac viceTitle,Bishopemeritus ofRegensburg(Germany),Prefectemeritus ofCongregation for the Doctrine of the Faith,Presidentemeritus ofPontifical Commission “Ecclesia Dei”,Presidentemeritus ofPontifical Biblical CommissionandformerPresidentofInternational Theological Commission"
"NakellentubaOuédraogo, Philippe",1945-12-31,79,,"Archbishop Emeritus ofOuagadougou,Burkina Faso",https://www.catholic-hierarchy.org/bishop/bouep.html,
"NicholasDiNardo, Daniel",1949-05-23,75,,"Archbishop Emeritus ofGalveston-Houston, Texas,USA",https://www.catholic-hierarchy.org/bishop/bdinardo.html,
"Nichols, Vincent",1945-11-08,79,,,,"Nichols, Vincent Gerard(79),Cardinal-PriestofSS. Redentore e S. Alfonso in Via Merulana,Metropolitan ArchbishopofWestminster(England)andPresidentofBishops’ Conference of England and Wales"
"Njue, John",1946-01-01,79,,,,"Njue, John(79),Cardinal-PriestofPreziosissimo Sangue di Nostro Signore Gesù CristoandMetropolitan Archbishopemeritus ofNairobi(Kenya)"
"NoëlAveline, Jean-Marc",1958-12-26,66,,"Archbishop ofMarseille,France",https://www.catholic-hierarchy.org/bishop/baveline.html,
"Nycz, Kazimierz",1950-02-01,75,,,,"Nycz, Kazimierz(75),Cardinal-PriestofSs. Silvestro e Martino ai Monti,Metropolitan Archbishopemeritus ofWarszawa(Poland)andOrdinaryemeritus ofPolandof theEastern Rite(Poland)"
"Nzapalainga, Dieudonné",1967-03-14,58,,,,"Nzapalainga, Dieudonné,C.S.Sp.(58),Cardinal-PriestofS. Andrea della ValleandMetropolitan ArchbishopofBangui(Central African Republic)"
"Német, Ladislav",1956-09-07,68,,,,"Német, Ladislav,S.V.D.(68),Cardinal-PriestofS. Maria Stella Maris,Metropolitan ArchbishopofBeograd(Serbia),PresidentofInternational Episcopal Conference of Saints Cyril and MethodiusandVice-PresidentofCouncil of European Bishops’ Conferences"
"Okpaleke, Peter",1963-03-01,62,,,,"Okpaleke, Peter Ebere(62),Cardinal-PriestofSs. Martiri dell’Uganda a Poggio AmenoandBishopofEkwulobia(Nigeria)"
"Omella Omella, Juan",1946-04-21,79,,,,"Omella Omella, Juan José(79),Cardinal-PriestofS. Croce in Gerusalemme,Metropolitan ArchbishopofBarcelona(Spain)andMemberofCouncil of Cardinals"
"Omella, Juan",1946-04-21,79,,"Archbishop ofBarcelona,Spain",https://www.catholic-hierarchy.org/bishop/bomel.html,
"Ortega, José",1949-03-02,76,,"Archbishop ofGuadalajara, Jalisco,México",https://www.catholic-hierarchy.org/bishop/brobleso.html,
"Osoro Sierra, Carlos",1945-05-16,79,,,,"Osoro Sierra, Carlos(79),Cardinal-PriestofS. Maria in Trastevere,Metropolitan Archbishopemeritus ofMadrid(Spain)andOrdinaryemeritus ofSpainof theEastern Rite(Spain)"
"Ouédraogo, Philippe",1945-12-31,79,,,,"Ouédraogo, Philippe Nakellentuba(79),Cardinal-PriestofS. Maria Consolatrice al TiburtinoandMetropolitan Archbishopemeritus ofOuagadougou(Burkina Faso)"
"PainiMafi, Soane",1961-12-19,63,,"Bishop ofTonga,Pacific (Oceania)",https://www.catholic-hierarchy.org/bishop/bmafi.html,
"PaoloLojudice, Augusto",1964-07-01,60,,"Archbishop ofSiena-Colle di Val d’Elsa-Montalcino,Italy",https://www.catholic-hierarchy.org/bishop/bloju.html,
"Parolin, Pietro",1955-01-17,70,,,,"Parolin, Pietro(70),Cardinal-BishopofSs. Simone e Giuda Taddeo a Torre Angela,Secretary of StateofSecretariat of State,PresidentofInterdicastery Commission for the Church in Eastern Europe,PresidentofInterdicastery Commission on Particular Churches,PresidentofCouncil of the Section for Relations with States and International Organisations,PresidentofPontifical Commission for the Activities of Public Juridical Persons of the Church in the Healthcare Sector,MemberofCouncil of CardinalsandCardinal ProtectorofPontifical Ecclesiastical Academy"
"PaulTscherrig, Emil",1947-02-03,78,,Apostolic Nuncio,https://www.catholic-hierarchy.org/bishop/btsce.html,
"PedroScherer, Odilo",1949-09-21,75,,"Archbishop ofSão Paulo,Brazil",https://www.catholic-hierarchy.org/bishop/bscherero.html,
"Petrocchi, Giuseppe",1948-08-19,76,,,,"Petrocchi, Giuseppe(76),Cardinal-PriestofS. Giovanni Battista dei Fiorentini,MemberofCouncil for the Economy,MemberofCommission of Cardinals overseeing the Institute for Works of ReligionandMetropolitan Archbishopemeritus ofL’Aquila(Italy)"
"Pierre, Christophe",1946-01-30,79,,,,"Pierre, Christophe Louis Yves Georges(79),Cardinal-DeaconofS. Benedetto fuori Porta S. PaoloandApostolic NunciotoUnited States of America"
"Pizzaballa, Pierbattista",1965-04-21,60,,,,"Pizzaballa, Pierbattista,O.F.M.(60),Cardinal-PriestofS. Onofrio,PatriarchofJerusalem(Palestine),PresidentofConference of the Latin Bishops of the Arab Regions,PresidentofAssembly of Catholic Ordinaries of the Holy LandandGrand PriorofEquestrian Order of the Holy Sepulchre of Jerusalem (Knights of the Holy Sepulchre)"
"Poli, Mario",1947-11-29,77,,,,"Poli, Mario Aurelio(77),Cardinal-PriestofS. Roberto Bellarmino,Metropolitan Archbishopemeritus ofBuenos Aires(Argentina)andOrdinaryemeritus ofArgentinaof theEastern Rite(Argentina)"
"Poola, Anthony",1961-11-15,63,,,,"Poola, Anthony(63),Cardinal-PriestofSs. Protomartiri a Via Aurelia AnticaandMetropolitan ArchbishopofHyderabad(India)"
"Prevost, Robert",1955-09-14,69,,,,"Prevost, Robert Francis,O.S.A.(69),Cardinal-BishopofAlbano,PrefectofDicastery for BishopsandPresidentofPontifical Commission for Latin America"
"Puljić, Vinko",1945-09-08,79,,,,"Puljić, Vinko(79),Cardinal-PriestofS. Chiara a Vigna ClaraandMetropolitan Archbishopemeritus ofVrhbosna(Bosnia and Herzegovina)"
"Radcliffe, Timothy",1945-08-22,79,,,,"Radcliffe, Timothy Peter Joseph,O.P.(79),Cardinal-DeaconofSS. Nomi di Gesù e Maria in Via LataandMaster of the Orderemeritus ofOrder of Preachers (Dominicans)"
"Ramazzini Imeri, Álvaro",1947-07-16,77,,,,"Ramazzini Imeri, Álvaro Leonel(77),Cardinal-PriestofS. Giovanni Evangelista a SpinacetoandBishopofHuehuetenango(Guatemala)"
"Ranjith Patabendige Don, Albert",1947-11-15,77,,,,"Ranjith Patabendige Don, Albert Malcolm(77),Cardinal-PriestofS. Lorenzo in LucinaandMetropolitan ArchbishopofColombo(Sri Lanka)"
"Reina, Baldassare",1970-11-26,54,,,,"Reina, Baldassare(54),Cardinal-PriestofS. Maria Assunta e S. Giuseppe a Primavalle,ArchpriestofPapal Archbasilica of Saint John Lateran,Vicar General for the Vicariate of RomeofRoma(Italy),Apostolic AdministratorofOstia(Italy)andGrand ChancellorofPontifical Lateran University"
"Repole, Roberto",1967-01-29,58,,,,"Repole, Roberto(58),Cardinal-PriestofGesù Divin Maestro alla Pineta Sacchetti,Metropolitan ArchbishopofTorino(Italy)andBishopofSusa(Italy)"
"Retes, CarlosAguiar",1950-01-09,75,,"Archbishop ofMéxico, Federal District",https://www.catholic-hierarchy.org/bishop/baguiar.html,
"Ribat, John",1957-02-09,68,,,,"Ribat, John,M.S.C.(68),Cardinal-PriestofS. Giovanni Battista de’ RossiandMetropolitan ArchbishopofPort Moresby(Papua New Guinea)"
"Robles Ortega, José",1949-03-02,76,,,,"Robles Ortega, José Francisco(76),Cardinal-PriestofS. Maria della PresentazioneandMetropolitan ArchbishopofGuadalajara(Mexico)"
"Rocha, Sérgioda",1959-10-21,65,,"Archbishop ofSão Salvador da Bahia,Brazil",https://www.catholic-hierarchy.org/bishop/bdarocha.html,
"Roche, Arthur",1950-03-06,75,,,,"Roche, Arthur(75),Cardinal-DeaconofS. Saba,PrefectofDicastery for Divine Worship and the Discipline of the SacramentsandBishopemeritus ofLeeds(England)"
"Rodríguez, Juan",1948-07-11,76,,"Archbishop ofSan Cristobal de la Habana,Cuba",https://www.catholic-hierarchy.org/bishop/bgarciar.html,
"Romero, CristóbalLópez",1952-05-19,72,,"Archbishop ofRabat,Morocco",https://www.catholic-hierarchy.org/bishop/bloprom.html,
"Rossi, Ángel",1958-08-11,66,,,,"Rossi, Ángel Sixto,S.J.(66),Cardinal-PriestofS. Bernadette Soubirous,Metropolitan ArchbishopofCórdoba(Argentina)andVice-PresidentofEpiscopal Conference of Argentina"
"RosárioFerrão, Filipe",1953-01-20,72,,"Archbishop ofGoa e Damão,India",https://www.catholic-hierarchy.org/bishop/brosf.html,
"Rueda Aparicio, Luis",1962-03-03,63,,,,"Rueda Aparicio, Luis José(63),Cardinal-PriestofS. Luca a Via PrenestinaandMetropolitan ArchbishopofBogotá(Colombia)"
"Rugambwa, Protase",1960-05-31,64,,,,"Rugambwa, Protase(64),Cardinal-PriestofS. Maria in MontesantoandMetropolitan ArchbishopofTabora(Tanzania)"
"Ryłko, Stanisław",1945-07-04,79,,,,"Ryłko, Stanisław(79),Cardinal-PriestofS. Cuore di Cristo Repro hac viceTitleandArchpriestofPapal Basilica of Saint Mary Major"
"Ryś, Grzegorz",1964-02-09,61,,,,"Ryś, Grzegorz(61),Cardinal-PriestofSs. Cirillo e MetodioandMetropolitan ArchbishopofŁódź(Poland)"
"Sako, Louis",1948-07-04,76,,,,"Sako, Louis Raphaël I (Louis)(76)(Chaldean Rite),Cardinal-Patriarch,PatriarchofBaghdadof theChaldeans(Iraq),PresidentofSynod of the Chaldean Church,PresidentofAssembly of the Catholic Bishops of IraqandMemberofCouncil for the Economy"
"Sarah, Robert",1945-06-15,79,,,,"Sarah, Robert(79),Cardinal-PriestofS. Giovanni Bosco in Via Tuscolanapro hac viceTitle,Metropolitan Archbishopemeritus ofConakry(Guinea)andPrefectemeritus ofCongregation for Divine Worship and the Discipline of the Sacraments"
"Sau-yan, StephenChow",1959-08-07,65,,"Bishop ofHong Kong [Xianggang],China",https://www.catholic-hierarchy.org/bishop/bchowsy.html,
"Scherer, Odilo",1949-09-21,75,,,,"Scherer, Odilo Pedro(75),Cardinal-PriestofS. Andrea al Quirinale,Metropolitan ArchbishopofSão Paulo(Brazil)andMemberofCouncil for the Economy"
"Semeraro, Marcello",1947-12-22,77,,,,"Semeraro, Marcello(77),Cardinal-DeaconofS. Maria in Domnica,PrefectofDicastery for the Causes of Saints,Apostolic AdministratorofSanta Maria di Grottaferrataof theItalo-Albanese(Italy),Pontifical DelegateforItalian Basilian Order of GrottaferrataandBishopemeritus ofAlbano(Italy)"
"Sierra, CarlosOsoro",1945-05-16,79,,"Archbishop Emeritus ofMadrid,Spain",https://www.catholic-hierarchy.org/bishop/bossi.html,
"Silva, Virgiliodo",1967-11-27,57,,"Archbishop ofDíli,Timor-Leste",https://www.catholic-hierarchy.org/bishop/bdcds.html,
"SiongcoDavid, Pablo",1959-03-02,66,,"Bishop ofKalookan,Philippines",https://www.catholic-hierarchy.org/bishop/bsiong.html,
"SixtoRossi, Ángel",1958-08-11,66,,"Archbishop ofCórdoba,Argentina",https://www.catholic-hierarchy.org/bishop/brossias.html,
"Solórzano, Leopoldo",1949-03-07,76,,"Archbishop ofManagua,Nicaragua",https://www.catholic-hierarchy.org/bishop/bbrenes.html,
"Souraphiel, Berhaneyesus",1948-07-14,76,,,,"Souraphiel, Berhaneyesus Demerew,C.M.(76)(Ethiopic Rite),Cardinal-PriestofS. Romano Martire,MetropolitanofAddis Abebaof theEthiopics(Ethiopia),PresidentofInterritual Episcopal Conference of EthiopiaandPresidentofCouncil of the Ethiopian Church"
"Spengler, Jaime",1960-09-06,64,,,,"Spengler, Jaime,O.F.M.(64),Cardinal-PriestofS. Gregorio Magno alla Magliana Nuova,Metropolitan ArchbishopofPorto Alegre(Brazil),PresidentofNational Conference of Bishops of BrazilandPresidentofLatin American Episcopal Council"
"Steiner, Leonardo",1950-11-06,74,,,,"Steiner, Leonardo Ulrich,O.F.M.(74),Cardinal-PriestofS. Leonardo da Porto Maurizio,Metropolitan ArchbishopofManaus(Brazil)andFirst Vice-PresidentofEcclesial Conference of the Amazon (CEAMA)"
"Sturla Berhouet, Daniel",1959-07-04,65,,,,"Sturla Berhouet, Daniel Fernando,S.D.B.(65),Cardinal-PriestofS. Galla,Metropolitan ArchbishopofMontevideo(Uruguay)andVice-PresidentofEpiscopal Conference of Uruguay"
"Suharyo Hardjoatmodjo, Ignatius",1950-07-09,74,,,,"Suharyo Hardjoatmodjo, Ignatius(74),Cardinal-PriestofSpirito Santo alla Ferratella,Metropolitan ArchbishopofJakarta(Indonesia)andMilitary OrdinaryofIndonesia(Indonesia)"
"Tagle, Luis",1957-06-21,67,,,,"Tagle, Luis Antonio Gokim(67),Cardinal-BishopofS. Felice da Cantalice a Centocelle,PresidentofInterdicastery Commission for Consecrated Religious,Pro-Prefect for the Section of EvangelisationofDicastery for Evangelisation,MemberofCouncil of the Section for Relations with States and International Organisations,MemberofCommission of Cardinals overseeing the Institute for Works of ReligionandGrand ChancellorofPontifical Urbaniana University"
"Tempesta, Orani",1950-06-23,74,,,,"Tempesta, Orani João,O. Cist.(74),Cardinal-PriestofS. Maria Madre della Provvidenza a Monte VerdeandMetropolitan ArchbishopofSão Sebastião do Rio de Janeiro(Brazil)"
"Thottunkal, Baselios",1959-06-15,65,,,,"Thottunkal, Baselios Cleemis (Baselios Cleemis)(65)(Syro-Malankara Rite),Cardinal-PriestofS. Gregorio VII,Major ArchbishopofTrivandrumof theSyro-Malankara(India)andPresidentofSynod of the Syro-Malankara Church"
"Tobin, Joseph",1952-05-03,73,,,,"Tobin, Joseph William,C.SS.R.(73),Cardinal-PriestofS. Maria delle Grazie a Via Trionfale,Metropolitan ArchbishopofNewark(USA),Ecclesiastical SuperiorofTurks and Caicos Islands(Turks and Caicos Islands)andMemberofCouncil for the Economy"
"Tsarahazana, Désiré",1954-06-13,70,,,,"Tsarahazana, Désiré(70),Cardinal-PriestofS. Gregorio Barbarigo alle Tre FontaneandMetropolitan ArchbishopofToamasina(Madagascar)"
"Tscherrig, Emil",1947-02-03,78,,,,"Tscherrig, Emil Paul(78),Cardinal-DeaconofS. Giuseppe in Via TrionfaleandMemberofCommission of Cardinals overseeing the Institute for Works of Religion"
"Turkson, Peter",1948-10-11,76,,,,"Turkson, Peter Kodwo Appiah(76),Cardinal-PriestofS. Liborio,ChancellorofPontifical Academy of Social Sciences,ChancellorofPontifical Academies of SciencesandMetropolitan Archbishopemeritus ofCape Coast(Ghana)"
"UlrichSteiner, Leonardo",1950-11-06,74,,"Archbishop ofManaus, Amazonas,Brazil",https://www.catholic-hierarchy.org/bishop/bulst.html,
"Vesco, Jean",1962-03-10,63,,,,"Vesco, Jean-Paul,O.P.(63),Cardinal-PriestofS. Cuore di Gesù agonizzante a Vitinia,Metropolitan ArchbishopofAlger–Iulia Caesarea(Algeria)andVice-PresidentofRegional Episcopal Conference of North Africa"
"WalterMcElroy, Robert",1954-02-05,71,,"Archbishop ofWashington, District of Columbia,USA",https://www.catholic-hierarchy.org/bishop/bmcelroy.html,
"WilliamTobin, Joseph",1952-05-03,72,,"Archbishop ofNewark, New Jersey,USA",https://www.catholic-hierarchy.org/bishop/btobinj.html,
"Woelki, Rainer",1956-08-18,68,,,,"Woelki, Rainer Maria(68),Cardinal-PriestofS. Giovanni Maria VianneyandMetropolitan ArchbishopofKöln(Germany)"
"WojciechRyś, Grzegorz",1964-02-09,61,,"Archbishop ofŁódź,Poland",https://www.catholic-hierarchy.org/bishop/brys.html,
"You Heung-sik, Lazzaro",1951-11-17,73,,,,"You Heung-sik, Lazzaro (유흥식 라자로 / 俞興植)(73),Cardinal-DeaconofGesù Buon Pastore alla Montagnola,PrefectofDicastery for the Clergy,PresidentofInterdicastery Commission for Candidates to Sacred Order,PresidentofPontifical Work for Ecclesiastical VocationsandBishopemeritus ofDaejeon 대전(South Korea)"
"Zenari, Mario",1946-01-05,79,,,,"Zenari, Mario(79),Cardinal-DeaconofS. Maria delle Grazie alle Fornaci fuori Porta CavalleggeriandApostolic NunciotoSyria"
"Zuppi, Matteo",1955-10-11,69,,,,"Zuppi, Matteo Maria(69),Cardinal-PriestofS. Egidio in Trastevere,Metropolitan ArchbishopofBologna(Italy)andPresidentofEpiscopal Conference of Italy"
"da Rocha, Sérgio",1959-10-21,65,,,,"da Rocha, Sérgio(65),Cardinal-PriestofS. Croce in Via Flaminia,Metropolitan ArchbishopofSão Salvador da Bahia(Brazil)andMemberofCouncil of Cardinals"
"da Silva, Virgilio",1967-11-27,57,,,,"da Silva, Virgilio do Carmo,S.D.B.(57),Cardinal-PriestofS. Alberto Magno,Metropolitan ArchbishopofDíli(Timor-Leste)andVice-PresidentofEpiscopal Conference of Timor"
"de Mendonça, José",1965-12-15,59,,,,"de Mendonça, José Tolentino Calaça(59),Cardinal-DeaconofSs. Domenico e Sisto,PrefectofDicastery for Culture and Education,Grand ChancellorofPontifical Biblical Institute (Biblicum),Grand ChancellorofPontifical Institute of Arab and Islamic Studies,Grand ChancellorofPontifical Institute of Christian Archaeology,Grand ChancellorofPontifical Institute of Sacred MusicandGrand ChancellorofPontifical Gregorian University"
"dos Santos Marto, António",1947-05-05,77,,,,"dos Santos Marto, António Augusto(77),Cardinal-PriestofS. Maria sopra MinervaandBishopemeritus ofLeiria–Fátima(Portugal)"
