Cardinal Electors(135),Age,Date ofBirth,gc_id
"Bychok, Mykola,C.SS.R.(45)(Ukrainian Rite),Cardinal-PriestofS. Sofia a Via BocceaandBishopofSaints Peter and Paul of Melbourneof theUkrainians(Australia)",45,1980.02.13,0
"Marengo, Giorgio,I.M.C.(50),Cardinal-PriestofS. Giuda Taddeo ApostoloandPrefect ApostolicofUlaanbaatar(Mongolia)",50,1974.06.07,1
"Alves Aguiar, Américo Manuel(51),Cardinal-PriestofS. Antonio da Padova in Via MerulanaandBishopofSetúbal(Portugal)",51,1973.12.12,2
"Koovakad, George Jacob(51)(Syro-Malabar Rite),Cardinal-DeaconofS. Antonio di Padova a Circonvallazione AppiaandPrefectofDicastery for Interreligious Dialogue",51,1973.08.11,3
"Makrickas, Rolandas(53),Cardinal-DeaconofS. EustachioandCoadjutor ArchpriestofPapal Basilica of Saint Mary Major",53,1972.01.31,4
"Leo, Frank(53),Cardinal-PriestofS. Maria della Salute a PrimavalleandMetropolitan ArchbishopofToronto(Canada)",53,1971.06.30,5
"Reina, Baldassare(54),Cardinal-PriestofS. Maria Assunta e S. Giuseppe a Primavalle,ArchpriestofPapal Archbasilica of Saint John Lateran,Vicar General for the Vicariate of RomeofRoma(Italy),Apostolic AdministratorofOstia(Italy)andGrand ChancellorofPontifical Lateran University",54,1970.11.26,6
"Bustillo, François-Xavier,O.F.M. Conv.(56),Cardinal-PriestofS. Maria Immacolata di Lourdes a BocceaandBishopofAjaccio(France)",56,1968.11.23,7
"da Silva, Virgilio do Carmo,S.D.B.(57),Cardinal-PriestofS. Alberto Magno,Metropolitan ArchbishopofDíli(Timor-Leste)andVice-PresidentofEpiscopal Conference of Timor",57,1967.11.27,8
"Costa, Paulo Cezar(57),Cardinal-PriestofSs. Bonifacio ed AlessioandMetropolitan ArchbishopofBrasília(Brazil)",57,1967.07.20,9
"Nzapalainga, Dieudonné,C.S.Sp.(58),Cardinal-PriestofS. Andrea della ValleandMetropolitan ArchbishopofBangui(Central African Republic)",58,1967.03.14,10
"Repole, Roberto(58),Cardinal-PriestofGesù Divin Maestro alla Pineta Sacchetti,Metropolitan ArchbishopofTorino(Italy)andBishopofSusa(Italy)",58,1967.01.29,11
"de Mendonça, José Tolentino Calaça(59),Cardinal-DeaconofSs. Domenico e Sisto,PrefectofDicastery for Culture and Education,Grand ChancellorofPontifical Biblical Institute (Biblicum),Grand ChancellorofPontifical Institute of Arab and Islamic Studies,Grand ChancellorofPontifical Institute of Christian Archaeology,Grand ChancellorofPontifical Institute of Sacred MusicandGrand ChancellorofPontifical Gregorian University",59,1965.12.15,12
"Gambetti, Mauro,O.F.M. Conv.(59),Cardinal-DeaconofSS. Nome di Maria al Foro Traiano,PresidentofFabric of Saint Peter,ArchpriestofPapal Basilica of Saint PeterandVicar General for the Vatican City StateofRoma(Italy)",59,1965.10.27,13
"Cobo Cano, José(59),Cardinal-PriestofS. Maria in Monserrato degli Spagnoli,Metropolitan ArchbishopofMadrid(Spain),OrdinaryofSpainof theEastern Rite(Spain)andVice-PresidentofEpiscopal Conference of Spain",59,1965.09.20,14
"Pizzaballa, Pierbattista,O.F.M.(60),Cardinal-PriestofS. Onofrio,PatriarchofJerusalem(Palestine),PresidentofConference of the Latin Bishops of the Arab Regions,PresidentofAssembly of Catholic Ordinaries of the Holy LandandGrand PriorofEquestrian Order of the Holy Sepulchre of Jerusalem (Knights of the Holy Sepulchre)",60,1965.04.21,15
"Baggio, Fabio,C.S.(60),Cardinal-DeaconofS. Filippo Neri in Eurosia,UndersecretaryofDicastery for Promoting Integral Human DevelopmentandSecretaryofVatican COVID-19 Commission",60,1965.01.15,16
"Lojudice, Augusto Paolo(60),Cardinal-PriestofS. Maria del Buon Consiglio,Metropolitan ArchbishopofSiena–Colle di Val d’Elsa–Montalcino(Italy)andBishopofMontepulciano–Chiusi–Pienza(Italy)",60,1964.07.01,17
"Ryś, Grzegorz(61),Cardinal-PriestofSs. Cirillo e MetodioandMetropolitan ArchbishopofŁódź(Poland)",61,1964.02.09,18
"Mulla, Stephen Ameyu Martin(61),Cardinal-PriestofS. Gemma Galgani,Metropolitan ArchbishopofJuba(South Sudan)andPresidentofConference of Bishops of Sudan and South Sudan",61,1964.01.10,19
"Krajewski, Konrad(61),Cardinal-DeaconofS. Maria Immacolata all’Esquilino,Almoner of His HolinessofDicastery for the Service of CharityandMemberofCommission of Cardinals overseeing the Institute for Works of Religion",61,1963.11.25,20
"Mathieu, Dominique Joseph,O.F.M. Conv.(61),Cardinal-PriestofS. Giovanna Antida Thouret,ArchbishopofTehran–Isfahan(Iran)andPresidentofIranian Episcopal Conference",61,1963.06.13,21
"Okpaleke, Peter Ebere(62),Cardinal-PriestofSs. Martiri dell’Uganda a Poggio AmenoandBishopofEkwulobia(Nigeria)",62,1963.03.01,22
"Battaglia, Domenico(62),Cardinal-PriestofS. Marco in Agro LaurentinoandMetropolitan ArchbishopofNapoli(Italy)",62,1963.01.20,23
"Fernández, Victor Manuel(62),Cardinal-DeaconofSs. Urbano e Lorenzo a Prima Porta,PrefectofDicastery for the Doctrine of the Faith,PresidentofPontifical Biblical Commission,PresidentofInternational Theological CommissionandMetropolitan Archbishopemeritus ofLa Plata(Argentina)",62,1962.07.18,24
"Vesco, Jean-Paul,O.P.(63),Cardinal-PriestofS. Cuore di Gesù agonizzante a Vitinia,Metropolitan ArchbishopofAlger–Iulia Caesarea(Algeria)andVice-PresidentofRegional Episcopal Conference of North Africa",63,1962.03.10,25
"Rueda Aparicio, Luis José(63),Cardinal-PriestofS. Luca a Via PrenestinaandMetropolitan ArchbishopofBogotá(Colombia)",63,1962.03.03,26
"Mafi, Soane Patita Paini(63),Cardinal-PriestofS. Paola RomanaandBishopofTonga(Tonga)",63,1961.12.19,27
"Poola, Anthony(63),Cardinal-PriestofSs. Protomartiri a Via Aurelia AnticaandMetropolitan ArchbishopofHyderabad(India)",63,1961.11.15,28
"Bessi Dogbo, Ignace(63),Cardinal-PriestofSs. Mario e Compagni MartiriandMetropolitan ArchbishopofAbidjan(Cote d’Ivoire)",63,1961.08.17,29
"Spengler, Jaime,O.F.M.(64),Cardinal-PriestofS. Gregorio Magno alla Magliana Nuova,Metropolitan ArchbishopofPorto Alegre(Brazil),PresidentofNational Conference of Bishops of BrazilandPresidentofLatin American Episcopal Council",64,1960.09.06,30
"Fernández Artime, Ángel,S.D.B.(64),Cardinal-DeaconofS. Maria Ausiliatrice in Via TuscolanaandPro-PrefectofDicastery for Institutes of Consecrated Life and for Societies of Apostolic Life",64,1960.08.21,31
"Rugambwa, Protase(64),Cardinal-PriestofS. Maria in MontesantoandMetropolitan ArchbishopofTabora(Tanzania)",64,1960.05.31,32
"Ambongo Besungu, Fridolin,O.F.M. Cap.(65),Cardinal-PriestofS. Gabriele Arcangelo all’Acqua Traversa,Metropolitan ArchbishopofKinshasa(Congo-Kinshasa),PresidentofSymposium of Episcopal Conferences of Africa and MadagascarandMemberofCouncil of Cardinals",65,1960.01.24,33
"da Rocha, Sérgio(65),Cardinal-PriestofS. Croce in Via Flaminia,Metropolitan ArchbishopofSão Salvador da Bahia(Brazil)andMemberofCouncil of Cardinals",65,1959.10.21,34
"Chow Sau-yan, Stephen,S.J.(周守仁)(65),Cardinal-PriestofS. Giovanni Battista de La SalleandBishopofHong Kong 香港(Hong Kong)",65,1959.08.07,35
"Sturla Berhouet, Daniel Fernando,S.D.B.(65),Cardinal-PriestofS. Galla,Metropolitan ArchbishopofMontevideo(Uruguay)andVice-PresidentofEpiscopal Conference of Uruguay",65,1959.07.04,36
"Thottunkal, Baselios Cleemis (Baselios Cleemis)(65)(Syro-Malankara Rite),Cardinal-PriestofS. Gregorio VII,Major ArchbishopofTrivandrumof theSyro-Malankara(India)andPresidentofSynod of the Syro-Malankara Church",65,1959.06.15,37
"David, Pablo Virgilio Siongco(66),Cardinal-PriestofTrasfigurazione di Nostro Signore Gesù Cristo,BishopofKalookan(Philippines),PresidentofCatholic Bishops’ Conference of the Philippines (C.B.C.P.)andVice-PresidentofFederation of Asian Bishops’ Conferences",66,1959.03.02,38
"Aveline, Jean-Marc Noël(66),Cardinal-PriestofS. Maria ai Monti,Metropolitan ArchbishopofMarseille(France)andPresidentofBishops’ Conference of France",66,1958.12.26,39
"Langlois, Chibly(66),Cardinal-PriestofS. Giacomo in AugustaandBishopofLes Cayes(Haiti)",66,1958.11.29,40
"Kambanda, Antoine(66),Cardinal-PriestofS. Sisto,Metropolitan ArchbishopofKigali(Rwanda)andPresidentofEpiscopal Conference of Rwanda",66,1958.11.10,41
"Kikuchi, Tarcisius Isao,S.V.D.(タルチシオ 菊地 功)(66),Cardinal-PriestofS. Giovanni Leonardi,Metropolitan ArchbishopofTokyo 東京(Japan),PresidentofCaritas Internationalis,PresidentofCatholic Bishops’ Conference of JapanandGeneral SecretaryofFederation of Asian Bishops’ Conferences",66,1958.11.01,42
"Rossi, Ángel Sixto,S.J.(66),Cardinal-PriestofS. Bernadette Soubirous,Metropolitan ArchbishopofCórdoba(Argentina)andVice-PresidentofEpiscopal Conference of Argentina",66,1958.08.11,43
"Hollerich, Jean-Claude,S.J.(66),Cardinal-PriestofS. Giovanni Crisostomo a Monte Sacro Alto,ArchbishopofLuxembourg(Luxembourg),MemberofCouncil of CardinalsandVice-PresidentofCouncil of European Bishops’ Conferences",66,1958.08.09,44
"Lacroix, Gérald Cyprien,I.S.P.X.(67),Cardinal-PriestofS. Giuseppe all’Aurelio,Metropolitan ArchbishopofQuébec(Canada),MemberofCouncil for the EconomyandMemberofCouncil of Cardinals",67,1957.07.27,45
"Goh Seng Chye, William (吳成才)(67),Cardinal-PriestofS. Maria «Regina Pacis» in Ostia mare,ArchbishopofSingapore(Singapore)andVice-PresidentofCatholic Bishops’ Conference of Malaysia, Singapore and Brunei",67,1957.06.25,46
"Tagle, Luis Antonio Gokim(67),Cardinal-BishopofS. Felice da Cantalice a Centocelle,PresidentofInterdicastery Commission for Consecrated Religious,Pro-Prefect for the Section of EvangelisationofDicastery for Evangelisation,MemberofCouncil of the Section for Relations with States and International Organisations,MemberofCommission of Cardinals overseeing the Institute for Works of ReligionandGrand ChancellorofPontifical Urbaniana University",67,1957.06.21,47
"Chomali Garib, Fernando Natalio(67),Cardinal-PriestofS. Mauro AbateandMetropolitan ArchbishopofSantiago(Chile)",67,1957.05.10,48
"Grech, Mario(68),Cardinal-DeaconofSs. Cosma e Damiano,Secretary GeneralofGeneral Secretariat of the SynodandBishopemeritus ofGozo(Malta)",68,1957.02.20,49
"Ribat, John,M.S.C.(68),Cardinal-PriestofS. Giovanni Battista de’ RossiandMetropolitan ArchbishopofPort Moresby(Papua New Guinea)",68,1957.02.09,50
"Brislin, Stephen(68),Cardinal-PriestofS. Maria Domenica Mazzarello,Metropolitan ArchbishopofJohannesburg(South Africa),PresidentofSouthern African Catholic Bishops’ ConferenceandApostolic AdministratorofCape Town(South Africa)",68,1956.09.24,51
"Német, Ladislav,S.V.D.(68),Cardinal-PriestofS. Maria Stella Maris,Metropolitan ArchbishopofBeograd(Serbia),PresidentofInternational Episcopal Conference of Saints Cyril and MethodiusandVice-PresidentofCouncil of European Bishops’ Conferences",68,1956.09.07,52
"Woelki, Rainer Maria(68),Cardinal-PriestofS. Giovanni Maria VianneyandMetropolitan ArchbishopofKöln(Germany)",68,1956.08.18,53
"Zuppi, Matteo Maria(69),Cardinal-PriestofS. Egidio in Trastevere,Metropolitan ArchbishopofBologna(Italy)andPresidentofEpiscopal Conference of Italy",69,1955.10.11,54
"Cabrera Herrera, Luis Gerardo,O.F.M.(69),Cardinal-PriestofSanta Famiglia di Nazareth a Centocelle,Metropolitan ArchbishopofGuayaquil(Ecuador)andPresidentofEpiscopal Conference of Ecuador",69,1955.10.11,55
"Gugerotti, Claudio(69),Cardinal-DeaconofS. Ambrogio della Massima,PrefectofDicastery for the Eastern Churches,MemberofCouncil of the Section for Relations with States and International OrganisationsandGrand ChancellorofPontifical Oriental Institute",69,1955.10.07,56
"Prevost, Robert Francis,O.S.A.(69),Cardinal-BishopofAlbano,PrefectofDicastery for BishopsandPresidentofPontifical Commission for Latin America",69,1955.09.14,57
"Parolin, Pietro(70),Cardinal-BishopofSs. Simone e Giuda Taddeo a Torre Angela,Secretary of StateofSecretariat of State,PresidentofInterdicastery Commission for the Church in Eastern Europe,PresidentofInterdicastery Commission on Particular Churches,PresidentofCouncil of the Section for Relations with States and International Organisations,PresidentofPontifical Commission for the Activities of Public Juridical Persons of the Church in the Healthcare Sector,MemberofCouncil of CardinalsandCardinal ProtectorofPontifical Ecclesiastical Academy",70,1955.01.17,58
"Tsarahazana, Désiré(70),Cardinal-PriestofS. Gregorio Barbarigo alle Tre FontaneandMetropolitan ArchbishopofToamasina(Madagascar)",70,1954.06.13,59
"McElroy, Robert Walter(71),Cardinal-PriestofS. Frumenzio ai Prati FiscaliandMetropolitan ArchbishopofWashington(USA)",71,1954.02.05,60
"De Donatis, Angelo(71),Cardinal-PriestofS. MarcoandMajor PenitentiaryofApostolic Penitentiary",71,1954.01.04,61
"Marx, Reinhard(71),Cardinal-PriestofS. Corbiniano,Metropolitan ArchbishopofMünchen und Freising(Germany)andCoordinatorofCouncil for the Economy",71,1953.09.21,62
"Eijk, Willem Jacobus(71),Cardinal-PriestofS. CallistoandMetropolitan ArchbishopofUtrecht(Netherlands)",71,1953.06.22,63
"Ferrão, Filipe Neri António Sebastião do Rosário(72),Cardinal-PriestofS. Maria in Via,PatriarchofEast Indies,Metropolitan ArchbishopofGoa and Daman(India),PresidentofConference of Catholic Bishops of IndiaandPresidentofFederation of Asian Bishops’ Conferences",72,1953.01.20,64
"Erdő, Péter(72),Cardinal-PriestofS. Maria Nuova,Metropolitan ArchbishopofEsztergom–Budapest(Hungary)andMemberofCouncil for the Economy",72,1952.06.25,65
"Bokalic Iglic, Vicente,C.M.(72),Cardinal-PriestofS. Maria Maddalena in Campo MarzioandArchbishopofSantiago del Estero(Argentina)",72,1952.06.11,66
"López Romero, Cristóbal,S.D.B.(72),Cardinal-PriestofS. Leone IandArchbishopofRabat(Morocco)",72,1952.05.19,67
"Tobin, Joseph William,C.SS.R.(73),Cardinal-PriestofS. Maria delle Grazie a Via Trionfale,Metropolitan ArchbishopofNewark(USA),Ecclesiastical SuperiorofTurks and Caicos Islands(Turks and Caicos Islands)andMemberofCouncil for the Economy",73,1952.05.03,68
"Advincula, Jose Fuerte(73),Cardinal-PriestofS. VigilioandMetropolitan ArchbishopofManila(Philippines)",73,1952.03.30,69
"Mamberti, Dominique François Joseph(73),Cardinal-DeaconofS. Spirito in Sassia,PrefectofSupreme Tribunal of the Apostolic Signatura,PresidentofCommission for AdvocatesandProtodeaconofCollege of Cardinals",73,1952.03.07,70
"You Heung-sik, Lazzaro (유흥식 라자로 / 俞興植)(73),Cardinal-DeaconofGesù Buon Pastore alla Montagnola,PrefectofDicastery for the Clergy,PresidentofInterdicastery Commission for Candidates to Sacred Order,PresidentofPontifical Work for Ecclesiastical VocationsandBishopemeritus ofDaejeon 대전(South Korea)",73,1951.11.17,71
"Francis, Sebastian (施恩天)(73),Cardinal-PriestofS. Maria Causa Nostræ LætitiæandBishopofPenang(Malaysia)",73,1951.11.11,72
"Martínez Flores, Adalberto(73),Cardinal-PriestofS. Giovanni a Porta Latina,Metropolitan ArchbishopofAsunción(Paraguay)andApostolic Administrator of the Military OrdinariateofParaguay(Paraguay)",73,1951.07.08,73
"Steiner, Leonardo Ulrich,O.F.M.(74),Cardinal-PriestofS. Leonardo da Porto Maurizio,Metropolitan ArchbishopofManaus(Brazil)andFirst Vice-PresidentofEcclesial Conference of the Amazon (CEAMA)",74,1950.11.06,74
"Barbarin, Philippe Christian Ignace Marie(74),Cardinal-PriestofSS. Trinità al Monte PincioandMetropolitan Archbishopemeritus ofLyon(France)",74,1950.10.17,75
"Cantoni, Oscar(74),Cardinal-PriestofS. Maria «Regina Pacis» a Monte VerdeandBishopofComo(Italy)",74,1950.09.01,76
"Suharyo Hardjoatmodjo, Ignatius(74),Cardinal-PriestofSpirito Santo alla Ferratella,Metropolitan ArchbishopofJakarta(Indonesia)andMilitary OrdinaryofIndonesia(Indonesia)",74,1950.07.09,77
"Tempesta, Orani João,O. Cist.(74),Cardinal-PriestofS. Maria Madre della Provvidenza a Monte VerdeandMetropolitan ArchbishopofSão Sebastião do Rio de Janeiro(Brazil)",74,1950.06.23,78
"Koch, Kurt(75),Cardinal-PriestofNostra Signora del Sacro Cuorepro hac viceTitle,PrefectofDicastery for Promoting Christian Unity,PresidentofCommission for Religious Relations with the JewsandBishopemeritus ofBasel(Switzerland)",75,1950.03.15,79
"Roche, Arthur(75),Cardinal-DeaconofS. Saba,PrefectofDicastery for Divine Worship and the Discipline of the SacramentsandBishopemeritus ofLeeds(England)",75,1950.03.06,80
"Castillo Mattasoglio, Carlos Gustavo(75),Cardinal-PriestofS. Maria delle Grazie a Casal BocconeandMetropolitan ArchbishopofLima(Peru)",75,1950.02.28,81
"Dolan, Timothy Michael(75),Cardinal-PriestofNostra Signora di Guadalupe a Monte MarioandMetropolitan ArchbishopofNew York(USA)",75,1950.02.06,82
"Nycz, Kazimierz(75),Cardinal-PriestofSs. Silvestro e Martino ai Monti,Metropolitan Archbishopemeritus ofWarszawa(Poland)andOrdinaryemeritus ofPolandof theEastern Rite(Poland)",75,1950.02.01,83
"Aguiar Retes, Carlos(75),Cardinal-PriestofSs. Fabiano e Venanzio a Villa FiorelliandMetropolitan ArchbishopofMéxico(Mexico)",75,1950.01.09,84
"Gomes Furtado, Arlindo(75),Cardinal-PriestofS. TimoteoandBishopofSantiago de Cabo Verde(Cabo Verde)",75,1949.11.15,85
"Harvey, James Michael(75),Cardinal-PriestofS. Pio V a Villa Carpegnapro hac viceTitleandArchpriestofPapal Basilica of Saint Paul Outside-the-Walls",75,1949.10.20,86
"Arborelius, Anders,O.C.D.(75),Cardinal-PriestofS. Maria degli Angeli,BishopofStockholm(Sweden)andMemberofCouncil for the Economy",75,1949.09.24,87
"Scherer, Odilo Pedro(75),Cardinal-PriestofS. Andrea al Quirinale,Metropolitan ArchbishopofSão Paulo(Brazil)andMemberofCouncil for the Economy",75,1949.09.21,88
"Kovithavanij, Francis Xavier Kriengsak(75),Cardinal-PriestofS. Maria AddolorataandMetropolitan Archbishopemeritus ofBangkok(Thailand)",75,1949.06.27,89
"DiNardo, Daniel Nicholas(75),Cardinal-PriestofS. EusebioandMetropolitan Archbishopemeritus ofGalveston–Houston(USA)",75,1949.05.23,90
"Bozanić, Josip(76),Cardinal-PriestofS. Girolamo dei Croati,Metropolitan Archbishopemeritus ofZagreb(Croatia)andformerVice-PresidentofCroatian Bishops’ Conference",76,1949.03.20,91
"Cupich, Blase Joseph(76),Cardinal-PriestofS. Bartolomeo all’IsolaandMetropolitan ArchbishopofChicago(USA)",76,1949.03.19,92
"Brenes Solórzano, Leopoldo José(76),Cardinal-PriestofS. Gioacchino ai Prati di Castello,Metropolitan ArchbishopofManagua(Nicaragua)andVice-PresidentofEpiscopal Conference of Nicaragua",76,1949.03.07,93
"Maeda, Thomas Aquino Manyo (トマス・アクィナス 前田万葉)(76),Cardinal-PriestofS. PudenzianaandMetropolitan ArchbishopofOsaka–Takamatsu 大阪高松(Japan)",76,1949.03.03,94
"Robles Ortega, José Francisco(76),Cardinal-PriestofS. Maria della PresentazioneandMetropolitan ArchbishopofGuadalajara(Mexico)",76,1949.03.02,95
"Bo, Charles Maung,S.D.B.(76),Cardinal-PriestofS. Ireneo a Centocelle,Metropolitan ArchbishopofYangon(Myanmar)andPresidentofMyanmar Catholic Bishops’ Conference",76,1948.10.29,96
"Turkson, Peter Kodwo Appiah(76),Cardinal-PriestofS. Liborio,ChancellorofPontifical Academy of Social Sciences,ChancellorofPontifical Academies of SciencesandMetropolitan Archbishopemeritus ofCape Coast(Ghana)",76,1948.10.11,97
"Petrocchi, Giuseppe(76),Cardinal-PriestofS. Giovanni Battista dei Fiorentini,MemberofCouncil for the Economy,MemberofCommission of Cardinals overseeing the Institute for Works of ReligionandMetropolitan Archbishopemeritus ofL’Aquila(Italy)",76,1948.08.19,98
"Macário do Nascimento Clemente, Manuel José(76),Cardinal-PriestofS. Antonio in Campo MarzioandPatriarchemeritus ofLisboa(Portugal)",76,1948.07.16,99
"Souraphiel, Berhaneyesus Demerew,C.M.(76)(Ethiopic Rite),Cardinal-PriestofS. Romano Martire,MetropolitanofAddis Abebaof theEthiopics(Ethiopia),PresidentofInterritual Episcopal Conference of EthiopiaandPresidentofCouncil of the Ethiopian Church",76,1948.07.14,100
"García Rodríguez, Juan de la Caridad(76),Cardinal-PriestofSs. Aquila e PriscillaandMetropolitan ArchbishopofLa Habana(Cuba)",76,1948.07.11,101
"Sako, Louis Raphaël I (Louis)(76)(Chaldean Rite),Cardinal-Patriarch,PatriarchofBaghdadof theChaldeans(Iraq),PresidentofSynod of the Chaldean Church,PresidentofAssembly of the Catholic Bishops of IraqandMemberofCouncil for the Economy",76,1948.07.04,102
"Burke, Raymond Leo(76),Cardinal-PriestofS. Agata de’ Gotipro hac viceTitle,Metropolitan Archbishopemeritus ofSaint Louis(USA)andPatronemeritus ofSovereign Military Hospitaller Order of Saint John of Jerusalem of Rhodes and of Malta (Knights of Malta)",76,1948.06.30,103
"Dew, John Atcherley(76),Cardinal-PriestofS. IppolitoandMilitary Ordinaryemeritus ofNew Zealand(New Zealand)",76,1948.05.05,104
"Müller, Gerhard Ludwig(77),Cardinal-PriestofS. Agnese in Agonepro hac viceTitle,Bishopemeritus ofRegensburg(Germany),Prefectemeritus ofCongregation for the Doctrine of the Faith,Presidentemeritus ofPontifical Commission “Ecclesia Dei”,Presidentemeritus ofPontifical Biblical CommissionandformerPresidentofInternational Theological Commission",77,1947.12.31,105
"Semeraro, Marcello(77),Cardinal-DeaconofS. Maria in Domnica,PrefectofDicastery for the Causes of Saints,Apostolic AdministratorofSanta Maria di Grottaferrataof theItalo-Albanese(Italy),Pontifical DelegateforItalian Basilian Order of GrottaferrataandBishopemeritus ofAlbano(Italy)",77,1947.12.22,106
"Gregory, Wilton Daniel(77),Cardinal-PriestofImmacolata Concezione di Maria a GrottarossaandMetropolitan Archbishopemeritus ofWashington(USA)",77,1947.12.07,107
"Poli, Mario Aurelio(77),Cardinal-PriestofS. Roberto Bellarmino,Metropolitan Archbishopemeritus ofBuenos Aires(Argentina)andOrdinaryemeritus ofArgentinaof theEastern Rite(Argentina)",77,1947.11.29,108
"Ranjith Patabendige Don, Albert Malcolm(77),Cardinal-PriestofS. Lorenzo in LucinaandMetropolitan ArchbishopofColombo(Sri Lanka)",77,1947.11.15,109
"Farrell, Kevin Joseph(77),Cardinal-DeaconofS. Giuliano Martire,PrefectofDicastery for the Laity, Family and Life,PresidentofCommittee for Investments,PresidentofCommission for Confidential Matters,Camerlengo of the Holy Roman ChurchofApostolic Camera,PresidentofSupreme Court of Vatican City StateandBishopemeritus ofDallas(USA)",77,1947.09.02,110
"Ramazzini Imeri, Álvaro Leonel(77),Cardinal-PriestofS. Giovanni Evangelista a SpinacetoandBishopofHuehuetenango(Guatemala)",77,1947.07.16,111
"De Kesel, Jozef(77),Cardinal-PriestofSs. Giovanni e PaoloandMilitary Ordinaryemeritus ofBelgium(Belgium)",77,1947.06.17,112
"dos Santos Marto, António Augusto(77),Cardinal-PriestofS. Maria sopra MinervaandBishopemeritus ofLeiria–Fátima(Portugal)",77,1947.05.05,113
"Bráz de Aviz, João(78),Cardinal-PriestofS. Elena fuori Porta Prenestinapro hac viceTitle,Metropolitan Archbishopemeritus ofBrasília(Brazil)andPrefectemeritus ofDicastery for Institutes of Consecrated Life and for Societies of Apostolic Life",78,1947.04.24,114
"Betori, Giuseppe(78),Cardinal-PriestofS. MarcelloandMetropolitan Archbishopemeritus ofFirenze(Italy)",78,1947.02.25,115
"Tscherrig, Emil Paul(78),Cardinal-DeaconofS. Giuseppe in Via TrionfaleandMemberofCommission of Cardinals overseeing the Institute for Works of Religion",78,1947.02.03,116
"Collins, Thomas Christopher(78),Cardinal-PriestofS. PatrizioandMetropolitan Archbishopemeritus ofToronto(Canada)",78,1947.01.16,117
"Czerny, Michael,S.J.(78),Cardinal-DeaconofS. Michele Arcangelo,PrefectofDicastery for Promoting Integral Human Development,PresidentofVatican COVID-19 CommissionandMemberofCouncil of the Section for Relations with States and International Organisations",78,1946.07.18,118
"Montenegro, Francesco(78),Cardinal-PriestofSs. Andrea e Gregorio al Monte Celio,Apostolic AdministratorofPiana degli Albanesiof theItalo-Albanese(Italy)andMetropolitan Archbishopemeritus ofAgrigento(Italy)",78,1946.05.22,119
"Omella Omella, Juan José(79),Cardinal-PriestofS. Croce in Gerusalemme,Metropolitan ArchbishopofBarcelona(Spain)andMemberofCouncil of Cardinals",79,1946.04.21,120
"Filoni, Fernando (斐洛尼)(79),Cardinal-BishopofNostra Signora di Coromoto in S. Giovanni di DioandGrand MasterofEquestrian Order of the Holy Sepulchre of Jerusalem (Knights of the Holy Sepulchre)",79,1946.04.15,121
"Pierre, Christophe Louis Yves Georges(79),Cardinal-DeaconofS. Benedetto fuori Porta S. PaoloandApostolic NunciotoUnited States of America",79,1946.01.30,122
"Zenari, Mario(79),Cardinal-DeaconofS. Maria delle Grazie alle Fornaci fuori Porta CavalleggeriandApostolic NunciotoSyria",79,1946.01.05,123
"Njue, John(79),Cardinal-PriestofPreziosissimo Sangue di Nostro Signore Gesù CristoandMetropolitan Archbishopemeritus ofNairobi(Kenya)",79,1946.01.01,124
"Ouédraogo, Philippe Nakellentuba(79),Cardinal-PriestofS. Maria Consolatrice al TiburtinoandMetropolitan Archbishopemeritus ofOuagadougou(Burkina Faso)",79,1945.12.31,125
"Kutwa, Jean-Pierre(79),Cardinal-PriestofS. Emerenziana a Tor Fiorenza,Apostolic Administratorsede plenaofMan(Cote d’Ivoire)andMetropolitan Archbishopemeritus ofAbidjan(Cote d’Ivoire)",79,1945.12.22,126
"Nichols, Vincent Gerard(79),Cardinal-PriestofSS. Redentore e S. Alfonso in Via Merulana,Metropolitan ArchbishopofWestminster(England)andPresidentofBishops’ Conference of England and Wales",79,1945.11.08,127
"Cañizares Llovera, Antonio(79),Cardinal-PriestofS. PancrazioandMetropolitan Archbishopemeritus ofValencia(Spain)",79,1945.10.15,128
"Puljić, Vinko(79),Cardinal-PriestofS. Chiara a Vigna ClaraandMetropolitan Archbishopemeritus ofVrhbosna(Bosnia and Herzegovina)",79,1945.09.08,129
"Radcliffe, Timothy Peter Joseph,O.P.(79),Cardinal-DeaconofSS. Nomi di Gesù e Maria in Via LataandMaster of the Orderemeritus ofOrder of Preachers (Dominicans)",79,1945.08.22,130
"Coutts, Joseph(79),Cardinal-PriestofS. Bonaventura da BagnoregioandMetropolitan Archbishopemeritus ofKarachi(Pakistan)",79,1945.07.21,131
"Ryłko, Stanisław(79),Cardinal-PriestofS. Cuore di Cristo Repro hac viceTitleandArchpriestofPapal Basilica of Saint Mary Major",79,1945.07.04,132
"Sarah, Robert(79),Cardinal-PriestofS. Giovanni Bosco in Via Tuscolanapro hac viceTitle,Metropolitan Archbishopemeritus ofConakry(Guinea)andPrefectemeritus ofCongregation for Divine Worship and the Discipline of the Sacraments",79,1945.06.15,133
"Osoro Sierra, Carlos(79),Cardinal-PriestofS. Maria in Trastevere,Metropolitan Archbishopemeritus ofMadrid(Spain)andOrdinaryemeritus ofSpainof theEastern Rite(Spain)",79,1945.05.16,134
Cardinal Non-Electors(117),Age,Date ofBirth,135
"Becciu, Giovanni Angelo(76),Cardinal-DeaconofS. Lino,Prefectemeritus ofCongregation for the Causes of SaintsandformerSpecial DelegatetoSovereign Military Hospitaller Order of Saint John of Jerusalem of Rhodes and of Malta (Knights of Malta)",76,1948.06.02,136
"Alencherry, George(80)(Syro-Malabar Rite),Cardinal-PriestofS. Bernardo alle Terme,Major Archbishopemeritus ofErnakulam–Angamalyof theSyro-Malabars(India)andformerPresidentofSynod of the Syro-Malabar Church",80,1945.04.19,137
"Aós Braco, Celestino,O.F.M. Cap.(80),Cardinal-PriestofSs. Nereo ed Achilleo,Metropolitan Archbishopemeritus ofSantiago(Chile)andformerPresidentofEpiscopal Conference of Chile",80,1945.04.06,138
"Vérgez Alzaga, Fernando,L.C.(80),Cardinal-DeaconofS. Maria della Mercede e S. Adriano a Villa AlbaniandMemberofCouncil of Cardinals",80,1945.03.01,139
"Schönborn, Christoph,O.P.(80),Cardinal-PriestofGesù Divin Lavoratore,OrdinaryofAustriaof theEastern Rite(Austria),PresidentofCommission of Cardinals overseeing the Institute for Works of ReligionandMetropolitan Archbishopemeritus ofWien(Austria)",80,1945.01.22,140
"Gracias, Oswald(80),Cardinal-PriestofS. Paolo della Croce a «Corviale»,MemberofCouncil of CardinalsandMetropolitan Archbishopemeritus ofBombay(India)",80,1944.12.24,141
"Porras Cardozo, Baltazar Enrique(80),Cardinal-PriestofSs. Giovanni Evangelista e PetronioandMetropolitan Archbishopemeritus ofCaracas(Venezuela)",80,1944.10.10,142
"Ricard, Jean-Pierre Bernard(80),Cardinal-PriestofS. AgostinoandMetropolitan Archbishopemeritus ofBordeaux(France)",80,1944.09.26,143
"Piacenza, Mauro(80),Cardinal-PriestofS. Paolo alle Tre Fontanepro hac viceTitleandMajor Penitentiaryemeritus ofApostolic Penitentiary",80,1944.09.15,144
"Pengo, Polycarp(80),Cardinal-PriestofNostra Signora de La SaletteandMetropolitan Archbishopemeritus ofDar-es-Salaam(Tanzania)",80,1944.08.05,145
"O’Malley, Seán Patrick,O.F.M. Cap.(80),Cardinal-PriestofS. Maria della Vittoria,PresidentofPontifical Commission for the Protection of Minors,MemberofCouncil of CardinalsandMetropolitan Archbishopemeritus ofBoston(USA)",80,1944.06.29,146
"Ouellet, Marc,P.S.S.(80),Cardinal-BishopofS. Maria in Traspontina,Prefectemeritus ofDicastery for BishopsandPresidentemeritus ofPontifical Commission for Latin America",80,1944.06.08,147
"Ladaria Ferrer, Luis Francisco,S.J.(81),Cardinal-DeaconofS. Ignazio di Loyola a Campo Marzio,Prefectemeritus ofDicastery for the Doctrine of the Faith,Presidentemeritus ofPontifical Biblical CommissionandformerPresidentofInternational Theological Commission",81,1944.04.19,148
"Ling Mangkhanekhoun, Louis-Marie,I.V.D.(81),Cardinal-PriestofS. Silvestro in Capite,Apostolic AdministratorofLuang Prabang(Laos)andVicar Apostolicemeritus ofVientiane(Laos)",81,1944.04.08,149
"Lacunza Maestrojuán, José Luis,O.A.R.(81),Cardinal-PriestofS. Giuseppe da CopertinoandBishopemeritus ofDavid(Panama)",81,1944.02.24,150
"Barreto Jimeno, Pedro Ricardo,S.J.(81),Cardinal-PriestofSs. Pietro e Paolo a Via Ostiense,PresidentofEcclesial Conference of the Amazon (CEAMA)andMetropolitan Archbishopemeritus ofHuancayo(Peru)",81,1944.02.12,151
"Onaiyekan, John Olorunfemi(81),Cardinal-PriestofS. SaturninoandMetropolitan Archbishopemeritus ofAbuja(Nigeria)",81,1944.01.29,152
"Cipriani Thorne, Juan Luis,Opus Dei(81),Cardinal-PriestofS. Camillo de LellisandMetropolitan Archbishopemeritus ofLima(Peru)",81,1943.12.28,153
"Zerbo, Jean(81),Cardinal-PriestofS. Antonio da Padova in Via TuscolanaandMetropolitan Archbishopemeritus ofBamako(Mali)",81,1943.12.27,154
"Yeom Soo-jung, Andrew (염수정 안드레아 / 廉洙政)(81),Cardinal-PriestofS. Crisogono,Metropolitan Archbishopemeritus ofSeoul 서울(South Korea)andformerApostolic AdministratorofPyong-yang 평양(North Korea)",81,1943.12.05,155
"Sandri, Leonardo(81),Cardinal-BishopofSs. Biagio e Carlo ai CatinariandCardinal Vice-DeanofCollege of Cardinals",81,1943.11.18,156
"D’Rozario, Patrick,C.S.C.(81),Cardinal-PriestofNostra Signora del SS. Sacramento e Santi Martiri CanadesiandMetropolitan Archbishopemeritus ofDhaka(Bangladesh)",81,1943.10.01,157
"Comastri, Angelo(81),Cardinal-PriestofS. Salvatore in Lauropro hac viceTitle,Archbishop-Prelateemeritus ofLoreto(Italy),Presidentemeritus ofFabric of Saint Peter,Archpriestemeritus ofPapal Basilica of Saint PeterandVicar General for the Vatican City Stateemeritus ofRoma(Italy)",81,1943.09.17,158
"Versaldi, Giuseppe(81),Cardinal-PriestofS. Cuore di Gesù a Castro Pretoriopro hac viceTitle,Pontifical DelegateforCongregation of the Sons of the Immaculate ConceptionandBishopemeritus ofAlessandria(Italy)",81,1943.07.30,159
"Sepe, Crescenzio(81),Cardinal-PriestofDio Padre misericordiosopro hac viceTitleandMetropolitan Archbishopemeritus ofNapoli(Italy)",81,1943.06.02,160
"Duka, Dominik,O.P.(82),Cardinal-PriestofSs. Marcellino e PietroandMetropolitan Archbishopemeritus ofPraha(Czechia)",82,1943.04.26,161
"Calcagno, Domenico(82),Cardinal-PriestofSS. Annunciazione della Beata Vergine Maria a Via Ardeatinapro hac viceTitle,Bishopemeritus ofSavona–Noli(Italy)andPresidentemeritus ofAdministration of the Patrimony of the Apostolic See",82,1943.02.03,162
"Bagnasco, Angelo(82),Cardinal-PriestofGran Madre di DioandMetropolitan Archbishopemeritus ofGenova(Italy)",82,1943.01.14,163
"Rodríguez Maradiaga, Óscar Andrés,S.D.B.(82),Cardinal-PriestofS. Maria della Speranza,Metropolitan Archbishopemeritus ofTegucigalpa(Honduras)andCoordinatoremeritus ofCouncil of Cardinals",82,1942.12.29,164
"Vingt-Trois, André Armand(82),Cardinal-PriestofS. Luigi dei Francesi,Metropolitan Archbishopemeritus ofParis(France)andOrdinaryemeritus ofFranceof theEastern Rite(France)",82,1942.11.07,165
"Ravasi, Gianfranco(82),Cardinal-PriestofS. Giorgio in Velabropro hac viceTitleandPresidentemeritus ofPontifical Commission for Sacred Archaeology",82,1942.10.18,166
"Bertello, Giuseppe(82),Cardinal-PriestofSs. Vito, Modesto e Crescenziapro hac viceTitle,Presidentemeritus ofGovernorate of Vatican City StateandPresidentemeritus ofPontifical Commission for Vatican City State",82,1942.10.01,167
"Salazar Gómez, Rubén(82),Cardinal-PriestofS. Gerardo MaiellaandMetropolitan Archbishopemeritus ofBogotá(Colombia)",82,1942.09.22,168
"Rosa Chávez, Gregorio(82),Cardinal-PriestofSS. Sacramento a Tor de’ SchiaviandAuxiliary Bishopemeritus ofSan Salvador(El Salvador)",82,1942.09.03,169
"Miglio, Arrigo(82),Cardinal-PriestofS. ClementeandMetropolitan Archbishopemeritus ofCagliari(Italy)",82,1942.07.18,170
"Ghirlanda, Gianfranco,S.J.(82),Cardinal-DeaconofSS. Nome di Gesù,Pontifical AssistantforMemores Domini Lay AssociationandPatronofSovereign Military Hospitaller Order of Saint John of Jerusalem of Rhodes and of Malta (Knights of Malta)",82,1942.07.05,171
"Rivera Carrera, Norberto(82),Cardinal-PriestofS. Francesco d’Assisi a Ripa GrandeandMetropolitan Archbishopemeritus ofMéxico(Mexico)",82,1942.06.06,172
"Blázquez Pérez, Ricardo(83),Cardinal-PriestofS. Maria in VallicellaandMetropolitan Archbishopemeritus ofValladolid(Spain)",83,1942.04.13,173
"Bassetti, Gualtiero(83),Cardinal-PriestofS. CeciliaandMetropolitan Archbishopemeritus ofPerugia–Città della Pieve(Italy)",83,1942.04.07,174
"Jiménez Carvajal, Jorge Enrique,C.I.M.(83),Cardinal-PriestofS. DoroteaandMetropolitan Archbishopemeritus ofCartagena(Colombia)",83,1942.03.29,175
"Frezza, Fortunato(83),Cardinal-DeaconofS. Maria in Via LataandUndersecretaryemeritus ofGeneral Secretariat of the Synod of Bishops",83,1942.02.06,176
"Ezzati Andrello, Ricardo,S.D.B.(83),Cardinal-PriestofSS. Redentore a ValmelainaandMetropolitan Archbishopemeritus ofSantiago(Chile)",83,1942.01.07,177
"Scola, Angelo(83),Cardinal-PriestofSs. XII ApostoliandMetropolitan Archbishopemeritus ofMilano(Italy)",83,1941.11.07,178
"Stella, Beniamino(83),Cardinal-BishopofPorto–Santa Rufina,Prefectemeritus ofCongregation for ClergyandformerPresidentofInterdicastery Commission for Candidates to Sacred Order",83,1941.08.18,179
"Piat, Maurice,C.S.Sp.(83),Cardinal-PriestofS. Teresa al Corso d’ItaliaandBishopemeritus ofPort-Louis(Mauritius)",83,1941.07.19,180
"Napier, Wilfrid Fox,O.F.M.(84),Cardinal-PriestofS. Francesco d’Assisi ad Acilia,Apostolic AdministratorofEshowe(South Africa)andMetropolitan Archbishopemeritus ofDurban(South Africa)",84,1941.03.08,181
"Zubeir Wako, Gabriel(84),Cardinal-PriestofS. Atanasio a Via TiburtinaandMetropolitan Archbishopemeritus ofKhartoum(Sudan)",84,1941.02.27,182
"Wuerl, Donald William(84),Cardinal-PriestofS. Pietro in VincoliandMetropolitan Archbishopemeritus ofWashington(USA)",84,1940.11.12,183
"Tomasi, Silvano Maria,C.S.(84),Cardinal-DeaconofS. Nicola in CarcereandSpecial DelegatetoSovereign Military Hospitaller Order of Saint John of Jerusalem of Rhodes and of Malta (Knights of Malta)",84,1940.10.12,184
"Baldisseri, Lorenzo(84),Cardinal-PriestofS. Anselmo all’Aventinopro hac viceTitleandSecretary Generalemeritus ofGeneral Secretariat of the Synod of Bishops",84,1940.09.29,185
"Marchetto, Agostino(84),Cardinal-DeaconofS. Maria GorettiandSecretaryemeritus ofPontifical Council for the Pastoral Care of Migrants and Itinerant People",84,1940.08.28,186
"Feroci, Enrico(84),Cardinal-DeaconofS. Maria del Divino Amore a Castel di Leva",84,1940.08.27,187
"Arizmendi Esquivel, Felipe(85),Cardinal-PriestofS. Luigi Maria Grignion de MontfortandBishopemeritus ofSan Cristóbal de las Casas(Mexico)",85,1940.05.01,188
"Vallini, Agostino(85),Cardinal-PriestofS. Pier Damiani ai Monti di S. Paolopro hac viceTitle,Pontifical Legateforthe Basilicas of Saint Francis and Saint Mary of the Angels in AssisiandBishopemeritus ofAlbano(Italy)",85,1940.04.17,189
"Raï, Béchara Pierre,O.M.M.(Béchara)(85)(Maronite Rite),Cardinal-Patriarch,PatriarchofAntiochof theMaronites(Lebanon),PresidentofSynod of the Maronite Church,PresidentofAssembly of the Catholic Patriarchs and Bishops of LebanonandPresidentofCouncil of Catholic Patriarchs of the East",85,1940.02.25,190
"Menichelli, Edoardo(85),Cardinal-PriestofSS. Cuori di Gesù e Maria a Tor FiorenzaandMetropolitan Archbishopemeritus ofAncona–Osimo(Italy)",85,1939.10.14,191
"Brady, Seán Baptist(85),Cardinal-PriestofSs. Quirico e Giulitta,Metropolitan Archbishopemeritus ofArmagh(Northern Ireland)andformerPresidentofIrish Catholic Bishops’ Conference",85,1939.08.16,192
"Tong Hon, John (湯漢)(85),Cardinal-Priestof«Regina Apostolorum»andBishopemeritus ofHong Kong 香港(Hong Kong)",85,1939.07.31,193
"Padrón Sánchez, Diego Rafael(85),Cardinal-PriestofS. GaetanoandMetropolitan Archbishopemeritus ofCumaná(Venezuela)",85,1939.05.17,194
"Dziwisz, Stanisław(86),Cardinal-PriestofS. Maria del PopoloandMetropolitan Archbishopemeritus ofKraków(Poland)",86,1939.04.27,195
"O’Brien, Edwin Frederick(86),Cardinal-PriestofS. Sebastiano al Palatinopro hac viceTitle,Metropolitan Archbishopemeritus ofBaltimore(USA)andGrand Masteremeritus ofEquestrian Order of the Holy Sepulchre of Jerusalem (Knights of the Holy Sepulchre)",86,1939.04.08,196
"Quevedo, Orlando Beltran,O.M.I.(86),Cardinal-PriestofS. Maria «Regina Mundi» a Torre SpaccataandMetropolitan Archbishopemeritus ofCotabato(Philippines)",86,1939.03.11,197
"Suárez Inda, Alberto(86),Cardinal-PriestofS. PolicarpoandMetropolitan Archbishopemeritus ofMorelia(Mexico)",86,1939.01.30,198
"Tamkevičius, Sigitas,S.J.(86),Cardinal-PriestofS. Angela MericiandMetropolitan Archbishopemeritus ofKaunas(Lithuania)",86,1938.11.07,199
"Bocos Merino, Aquilino,C.M.F.(86),Cardinal-DeaconofS. Lucia del GonfaloneandSuperior Generalemeritus ofMissionary Sons of the Immaculate Heart of Mary (Claretians)",86,1938.05.17,200
"Nguyễn Văn Nhơn, Pierre(87),Cardinal-PriestofS. Tommaso ApostoloandMetropolitan Archbishopemeritus ofHà Nôi(Vietnam)",87,1938.04.01,201
"Monteiro de Castro, Manuel(87),Cardinal-PriestofS. Domenico di Guzmánpro hac viceTitleandMajor Penitentiaryemeritus ofApostolic Penitentiary",87,1938.03.29,202
"Coccopalmerio, Francesco(87),Cardinal-PriestofS. Giuseppe dei Falegnamipro hac viceTitleandPresidentemeritus ofPontifical Council for Legislative Texts",87,1938.03.06,203
"Romeo, Paolo(87),Cardinal-PriestofS. Maria Odigitria dei Sicilianipro hac viceTitleandMetropolitan Archbishopemeritus ofPalermo(Italy)",87,1938.02.20,204
"Vegliò, Antonio Maria(87),Cardinal-PriestofS. Cesareo in Palatiopro hac viceTitleandPresidentemeritus ofPontifical Council for the Pastoral Care of Migrants and Itinerant People",87,1938.02.03,205
"Fitzgerald, Michael Louis,M. Afr.(87),Cardinal-DeaconofS. Maria in Portico,Presidentemeritus ofPontifical Council for Inter-Religious DialogueandPrefectemeritus ofCommission for Religious Relations with Muslims",87,1937.08.17,206
"Martínez Sistach, Lluís(88),Cardinal-PriestofS. Sebastiano alle CatacombeandMetropolitan Archbishopemeritus ofBarcelona(Spain)",88,1937.04.29,207
"Ticona Porco, Toribio(88),Cardinal-PriestofSs. Gioacchino ed Anna al TuscolanoandBishop-Prelateemeritus ofCorocoro(Bolivia)",88,1937.04.25,208
"Assis, Raymundo Damasceno(88),Cardinal-PriestofImmacolata al Tiburtino,Apostolic CommissionerforHeralds of the GospelandMetropolitan Archbishopemeritus ofAparecida(Brazil)",88,1937.02.15,209
"Bačkis, Audrys Juozas(88),Cardinal-PriestofNatività di Nostro Signore Gesù Cristo a Via GalliaandMetropolitan Archbishopemeritus ofVilnius(Lithuania)",88,1937.02.01,210
"Sarr, Théodore-Adrien(88),Cardinal-PriestofS. Lucia a Piazza d’ArmiandMetropolitan Archbishopemeritus ofDakar(Senegal)",88,1936.11.28,211
"Antonelli, Ennio(88),Cardinal-PriestofS. Andrea delle Fratte,Metropolitan Archbishopemeritus ofFirenze(Italy)andPresidentemeritus ofPontifical Council for the Family",88,1936.11.18,212
"López Rodríguez, Nicolás de Jesús(88),Cardinal-PriestofS. Pio X alla BalduinaandMilitary Ordinaryemeritus ofDominican Republic(Dominican Republic)",88,1936.10.31,213
"Rouco Varela, Antonio María(88),Cardinal-PriestofS. Lorenzo in DamasoandMetropolitan Archbishopemeritus ofMadrid(Spain)",88,1936.08.20,214
"Okogie, Anthony Olubunmi(88),Cardinal-PriestofS. Maria del Monte Carmelo a Mostacciano,Metropolitan Archbishopemeritus ofLagos(Nigeria)andformerMemberofCouncil of Cardinals for the Study of Organisational and Economic Problems of the Apostolic See",88,1936.06.16,215
"Mahony, Roger Michael(89),Cardinal-PriestofSs. Quattro Coronati,Metropolitan Archbishopemeritus ofLos Angeles(USA)andformerMemberofCouncil of Cardinals for the Study of Organisational and Economic Problems of the Apostolic See",89,1936.02.27,216
"Abril y Castelló, Santos(89),Cardinal-PriestofS. Ponzianopro hac viceTitleandApostolic CommissionerforInstitute of the Incarnate Word",89,1935.09.21,217
"Rigali, Justin Francis(90),Cardinal-PriestofS. PriscaandMetropolitan Archbishopemeritus ofPhiladelphia(USA)",90,1935.04.19,218
"Lajolo, Giovanni(90),Cardinal-PriestofS. Maria Liberatrice a Monte Testacciopro hac viceTitle,Presidentemeritus ofGovernorate of Vatican City StateandPresidentemeritus ofPontifical Commission for Vatican City State",90,1935.01.03,219
"Darmaatmadja, Julius Riyadi,S.J.(90),Cardinal-PriestofS. Cuore di MariaandMetropolitan Archbishopemeritus ofJakarta(Indonesia)",90,1934.12.20,220
"Bertone, Tarcisio,S.D.B.(90),Cardinal-BishopofFrascatiandCamerlengo of the Holy Roman Churchemeritus ofApostolic Camera",90,1934.12.02,221
"Villalba, Luis Héctor(90),Cardinal-PriestofS. Girolamo a CorvialeandMetropolitan Archbishopemeritus ofTucumán(Argentina)",90,1934.10.11,222
"Rode, Franc,C.M.(90),Cardinal-PriestofS. Francesco Saverio alla Garbatellapro hac viceTitle,Metropolitan Archbishopemeritus ofLjubljana(Slovenia)andPrefectemeritus ofCongregation for Institutes of Consecrated Life and for Societies of Apostolic Life",90,1934.09.23,223
"Cantalamessa, Raniero,O.F.M. Cap.(90),Cardinal-DeaconofS. Apollinare alle Terme Neroniane-AlessandrineandPreacheremeritus ofPrefecture of the Papal Household",90,1934.07.22,224
"Monterisi, Francesco(90),Cardinal-PriestofS. Paolo alla Regolapro hac viceTitleandArchpriestemeritus ofPapal Basilica of Saint Paul Outside-the-Walls",90,1934.05.28,225
"Phạm Minh Mẫn, Jean-Baptiste(91),Cardinal-PriestofS. GiustinoandMetropolitan Archbishopemeritus ofThành-Phô Hô Chí Minh(Vietnam)",91,1934.03.05,226
"Re, Giovanni Battista(91),Cardinal-BishopofOstia,Cardinal-BishopofSabina–Poggio MirtetoandCardinal DeanofCollege of Cardinals",91,1934.01.30,227
"Farina, Raffaele,S.D.B.(91),Cardinal-PriestofS. Giovanni della Pignapro hac viceTitleandPresidentemeritus ofPontifical Commission for Reference on the Institute for Works of Religion",91,1933.09.24,228
"Errázuriz Ossa, Francisco Javier,I.Sch.(91),Cardinal-PriestofS. Maria della PaceandMetropolitan Archbishopemeritus ofSantiago(Chile)",91,1933.09.05,229
"Sandoval Íñiguez, Juan(92),Cardinal-PriestofNostra Signora di Guadalupe e S. Filippo Martire in Via AureliaandMetropolitan Archbishopemeritus ofGuadalajara(Mexico)",92,1933.03.28,230
"Kasper, Walter(92),Cardinal-PriestofOgnissanti in Via Appia Nuovapro hac viceTitle,Bishopemeritus ofRottenburg–Stuttgart(Germany),Presidentemeritus ofPontifical Council for Promoting Christian UnityandPresidentemeritus ofCommission for Religious Relations with the Jews",92,1933.03.05,231
"Arinze, Francis(92),Cardinal-BishopofVelletri–SegniandPrefectemeritus ofCongregation for Divine Worship and the Discipline of the Sacraments",92,1932.11.01,232
"Rosales, Gaudencio Borbon(92),Cardinal-PriestofSS. Nome di Maria in Via Latina,Metropolitan Archbishopemeritus ofManila(Philippines)andformerMemberofCouncil of Cardinals for the Study of Organisational and Economic Problems of the Apostolic See",92,1932.08.10,233
"Stafford, James Francis(92),Cardinal-PriestofS. Pietro in Montorio,Metropolitan Archbishopemeritus ofDenver(USA)andMajor Penitentiaryemeritus ofApostolic Penitentiary",92,1932.07.26,234
"Zen Ze-kiun, Joseph,S.D.B.(陳日君)(93),Cardinal-PriestofS. Maria Madre del Redentore a Tor Bella MonacaandBishopemeritus ofHong Kong 香港(Hong Kong)",93,1932.01.13,235
"Saraiva Martins, José,C.M.F.(93),Cardinal-BishopofPalestrinaandPrefectemeritus ofCongregation for the Causes of Saints",93,1932.01.06,236
"Mureşan, Lucian(93)(Romanian Rite),Cardinal-PriestofS. Atanasio,Major ArchbishopofFăgăraş şi Alba Iuliaof theRomanians(Romania),PresidentofEpiscopal Conference of RomaniaandPresidentofSynod of the Romanian Church",93,1931.05.23,237
"Ruini, Camillo(94),Cardinal-PriestofS. Agnese fuori le mura,Archpriestemeritus ofPapal Archbasilica of Saint John Lateran,Vicar General for the Vicariate of Romeemeritus ofRoma(Italy),formerApostolic AdministratorofOstia(Italy)andformerGrand ChancellorofPontifical Lateran University",94,1931.02.19,238
"Pujats, Jānis(94),Cardinal-PriestofS. Silvia,Metropolitan Archbishopemeritus ofRiga(Latvia)andformerPresidentofEpiscopal Conference of Latvia",94,1930.11.14,239
"De Giorgi, Salvatore(94),Cardinal-PriestofS. Maria in Ara CoeliandMetropolitan Archbishopemeritus ofPalermo(Italy)",94,1930.09.06,240
"Poupard, Paul(94),Cardinal-PriestofS. PrassedeandPresidentemeritus ofPontifical Council for Culture",94,1930.08.30,241
"Herranz Casado, Julián,Opus Dei(95),Cardinal-PriestofS. Eugeniopro hac viceTitleandSupplementary Memberemeritus ofCollege for the review of appeals by clergy accused ofdelicta graviora",95,1930.03.31,242
"Maida, Adam Joseph(95),Cardinal-PriestofSs. Vitale, Valeria, Gervasio e Protasio,Metropolitan Archbishopemeritus ofDetroit(USA)andEcclesiastical Superioremeritus ofCayman Islands(Cayman Islands)",95,1930.03.18,243
"Kitbunchu, Michael Michai(96),Cardinal-PriestofS. Lorenzo in Panisperna,ProtopriestofCollege of CardinalsandMetropolitan Archbishopemeritus ofBangkok(Thailand)",96,1929.01.25,244
"Brandmüller, Walter(96),Cardinal-PriestofS. Giuliano dei Fiamminghipro hac viceTitleandPresidentemeritus ofPontifical Committee for Historical Sciences",96,1929.01.05,245
"Simoni, Ernest(96),Cardinal-DeaconofS. Maria della Scala",96,1928.10.18,246
"Wetter, Friedrich(97),Cardinal-PriestofS. Stefano al Monte CelioandMetropolitan Archbishopemeritus ofMünchen und Freising(Germany)",97,1928.02.20,247
"Langa, Júlio Duarte(97),Cardinal-PriestofS. Gabriele dell’AddolorataandBishopemeritus ofXai-Xai(Mozambique)",97,1927.10.27,248
"Dri, Luis Pascual,O.F.M. Cap.(98),Cardinal-DeaconofS. Angelo in Pescheria",98,1927.04.17,249
"Wamala, Emmanuel(98),Cardinal-PriestofS. UgoandMetropolitan Archbishopemeritus ofKampala(Uganda)",98,1926.12.15,250
"Karlic, Estanislao Esteban(99),Cardinal-PriestofBeata Maria Addolorata a piazza Buenos AiresandMetropolitan Archbishopemeritus ofParaná(Argentina)",99,1926.02.07,251
"Acerbi, Angelo(99),Cardinal-DeaconofSs. Angeli Custodi a Città GiardinoandPrelateemeritus ofSovereign Military Hospitaller Order of Saint John of Jerusalem of Rhodes and of Malta (Knights of Malta)",99,1925.09.23,252
